scenario_id,pct,threshold,method,algorithm,num_agents,success,fail_reason,primary_length,primary_unc,length_ratio,wall_s,wall_ratio,clgbt_iterations,clgbt_tree_size,continuous_primary_length,continuous_uncertainties,discrete_uncertainties,primary_disc_unc,refinement_min_slack,refinement_status
s002,100,6.7390,clgbt,clgbt,2,true,,1038.0014660107345,3.401624860645725,1.7186,13.0,0.8541,29,21,1038.001,"[3.0575, 3.4016]","[3.3004, 3.6327]",3.6326774697624145,1.000090628366923e-9,seed_only
s002,90,6.0651,clgbt,clgbt,2,true,,1038.0014660107345,3.401624860645725,1.7186,12.9,0.8453,29,21,1038.001,"[3.0575, 3.4016]","[3.3004, 3.6327]",3.6326774697624145,1.000090628366923e-9,seed_only
s002,80,5.3912,clgbt,clgbt,2,true,,1038.0014660107345,3.401624860645725,1.7186,12.9,0.8500,29,21,1038.001,"[3.0575, 3.4016]","[3.3004, 3.6327]",3.6326774697624145,1.000090628366923e-9,seed_only
s002,70,4.7173,clgbt,clgbt,2,true,,1038.0014660107345,3.401624860645725,1.7186,13.1,0.8637,29,21,1038.001,"[3.0575, 3.4016]","[3.3004, 3.6327]",3.6326774697624145,1.000090628366923e-9,seed_only
s002,60,4.0434,clgbt,clgbt,2,true,,1038.0014660107345,3.401624860645725,1.7186,13.1,0.8627,29,21,1038.001,"[3.0575, 3.4016]","[3.3004, 3.6327]",3.6326774697624145,1.000090628366923e-9,seed_only
s002,50,3.3695,clgbt,clgbt,2,true,,1395.2571903366975,2.3836588528118696,2.3101,13.7,0.9014,177,129,1395.257,"[0.7956, 2.3837]","[0.9984, 2.0122]",2.01217915956187,1.572121392789949e-8,optimized
s002,40,2.6956,clgbt,clgbt,2,true,,1367.5896898792628,0.8386059617136525,2.2643,14.0,0.9183,177,129,1367.59,"[0.8052, 0.8386]","[0.9984, 2.0122]",2.01217915956187,0.0011843043374345184,optimized
s002,30,2.0217,clgbt,clgbt,2,true,,1369.4977418348672,0.8230697522273668,2.2675,13.8,0.9048,177,129,1369.498,"[0.7938, 0.8231]","[0.9984, 2.0122]",2.01217915956187,0.0008283247577934132,optimized
s004,100,5.3423,clgbt,clgbt,2,true,,1795.7294971875228,2.2516608487377168,2.2441,14.2,0.9146,68,58,1795.729,"[1.0284, 2.2517]","[1.4834, 3.4601]",3.4601351034829024,2.0955173651859837e-8,optimized
s004,90,4.8080,clgbt,clgbt,2,true,,1869.2697090663241,1.1911485313255261,2.3360,13.8,0.8885,68,58,1869.27,"[1.0277, 1.1911]","[1.4834, 3.4601]",3.4601351034829024,0.003971619354241035,optimized
s004,80,4.2738,clgbt,clgbt,2,true,,1865.1061057068905,1.1899028595487282,2.3308,14.3,0.9250,68,58,1865.106,"[1.0266, 1.1899]","[1.4834, 3.4601]",3.4601351034829024,0.0031492743390796572,optimized
s004,70,3.7396,clgbt,clgbt,2,true,,1861.7138040791094,1.195554316363084,2.3266,13.8,0.8921,68,58,1861.714,"[1.0321, 1.1956]","[1.4834, 3.4601]",3.4601351034829024,0.0015548323827825929,optimized
s004,60,3.2054,clgbt,clgbt,2,false,recovery_failed,1464.4319675890974,1.944941670789627,,21.7,1.4013,25083,17328,1464.432,"[1.5491, 1.9449]","[2.2113, 2.9948]",2.994842209164798,-0.0012536541300977033,recovery_failed
s004,50,2.6711,clgbt,clgbt,2,false,not_run_after_fail,,,,0.0,,,,,,,,,
s004,40,2.1369,clgbt,clgbt,2,false,not_run_after_fail,,,,0.0,,,,,,,,,
s004,30,1.6027,clgbt,clgbt,2,false,not_run_after_fail,,,,0.0,,,,,,,,,
s007,100,7.1391,clgbt,clgbt,2,true,,1146.0627345737496,5.571495497912789,1.4657,13.0,0.8472,91,85,1146.063,"[5.5589, 5.5715]","[5.8139, 5.9097]",5.909661038890608,1.4421869705405488e-9,optimized
s007,90,6.4252,clgbt,clgbt,2,true,,1146.0337442806128,5.566822828990349,1.4657,13.0,0.8431,91,85,1146.034,"[5.5527, 5.5668]","[5.8139, 5.9097]",5.909661038890608,7.225848656852718e-7,optimized
s007,80,5.7113,clgbt,clgbt,2,true,,1004.4289342857894,5.341230164159799,1.2846,13.4,0.8739,614,559,1004.429,"[3.9181, 5.3412]","[3.9457, 4.932]",4.932035400138405,1.2288531825443982e-7,optimized
s007,70,4.9974,clgbt,clgbt,2,true,,1103.9186299501494,4.90214485432598,1.4118,13.1,0.8553,614,559,1103.919,"[3.9087, 4.9021]","[3.9457, 4.932]",4.932035400138405,0.0016754987111989202,optimized
s007,60,4.2835,clgbt,clgbt,2,true,,1360.6082669335058,4.032005021976294,1.7401,14.8,0.9602,10703,8227,1360.608,"[1.2805, 4.032]","[1.7367, 4.2346]",4.234552861478016,1.2825326434266066e-5,optimized
s007,50,3.5695,clgbt,clgbt,2,true,,1148.45301446726,2.4339444201953078,1.4688,107.6,7.0034,84211,56494,1148.453,"[0.9222, 2.4339]","[1.348, 3.0262]",3.0262278080138607,6.5765270555739885e-9,optimized
s007,40,2.8556,clgbt,clgbt,2,false,no_solution,null,null,,930.0,60.5390,200000,125490,null,[],[],null,,
s007,30,2.1417,clgbt,clgbt,2,false,not_run_after_fail,,,,0.0,,,,,,,,,
s008,100,7.9691,clgbt,clgbt,2,true,,996.7800106425515,6.683873296878282,1.0313,14.9,0.9482,83,73,996.78,"[3.0123, 6.6839]","[3.6155, 6.6709]",6.670880701935104,2.730426237190775e-8,optimized
s008,90,7.1722,clgbt,clgbt,2,true,,1022.3251787434747,7.11217197775101,1.0577,13.7,0.8736,83,73,1022.325,"[3.5318, 7.1122]","[3.6155, 6.6709]",6.670880701935104,1.98734753306673e-9,optimized
s008,80,6.3753,clgbt,clgbt,2,true,,1157.94242726927,6.052107955257259,1.1980,13.1,0.8364,1329,1146,1157.942,"[5.5765, 6.0521]","[5.5765, 6.0521]",6.052107955257259,1.000090635305817e-9,seed_only
s008,70,5.5784,clgbt,clgbt,2,true,,2249.5781015372295,4.269365471249018,2.3275,16.4,1.0429,8647,6907,2249.578,"[3.752, 4.2694]","[4.505, 5.2672]",5.267229397146279,0.00022681234213450807,optimized
s008,60,4.7815,clgbt,clgbt,2,false,recovery_failed,2247.5112203368367,2.3475753006905995,,129.6,8.2577,91734,63266,2247.511,"[1.4177, 2.3476]","[2.1005, 4.1928]",4.192833900651341,-0.0007791124271957252,recovery_failed
s008,50,3.9845,clgbt,clgbt,2,false,not_run_after_fail,,,,0.0,,,,,,,,,
s008,40,3.1876,clgbt,clgbt,2,false,not_run_after_fail,,,,0.0,,,,,,,,,
s008,30,2.3907,clgbt,clgbt,2,false,not_run_after_fail,,,,0.0,,,,,,,,,
s012,100,7.5978,clgbt,clgbt,2,true,,1177.029254930974,5.558470459415355,1.0461,14.3,0.9063,3797,3011,1177.029,"[5.486, 5.5585]","[5.5809, 6.0424]",6.042412251665955,9.560832589525125e-5,optimized
s012,90,6.8380,clgbt,clgbt,2,true,,1176.9055090323031,5.560044940898593,1.0460,14.3,0.9043,3797,3011,1176.906,"[5.4731, 5.56]","[5.5809, 6.0424]",6.042412251665955,8.274223179365436e-6,optimized
s012,80,6.0783,clgbt,clgbt,2,true,,1179.3981536948513,5.398284087190702,1.0482,14.4,0.9144,3797,3011,1179.398,"[5.4914, 5.3983]","[5.5809, 6.0424]",6.042412251665955,4.2050874381184255e-6,optimized
s012,70,5.3185,clgbt,clgbt,2,false,no_solution,null,null,,1072.8,67.8891,200000,135545,null,[],[],null,,
s012,60,4.5587,clgbt,clgbt,2,false,not_run_after_fail,,,,0.0,,,,,,,,,
s012,50,3.7989,clgbt,clgbt,2,false,not_run_after_fail,,,,0.0,,,,,,,,,
s012,40,3.0391,clgbt,clgbt,2,false,not_run_after_fail,,,,0.0,,,,,,,,,
s012,30,2.2793,clgbt,clgbt,2,false,not_run_after_fail,,,,0.0,,,,,,,,,
s015,100,6.0115,clgbt,clgbt,2,true,,1607.2603618749845,4.476302319009105,1.6479,13.0,0.8322,459,383,1607.26,"[4.0483, 4.4763]","[4.0495, 4.4774]",4.477359445448134,1.0000906457141578e-9,seed_only
s015,90,5.4104,clgbt,clgbt,2,true,,1607.2603618749845,4.476302319009105,1.6479,13.0,0.8335,459,383,1607.26,"[4.0483, 4.4763]","[4.0495, 4.4774]",4.477359445448134,1.0000906457141578e-9,seed_only
s015,80,4.8092,clgbt,clgbt,2,true,,1607.2603618749845,4.476302319009105,1.6479,13.3,0.8524,459,383,1607.26,"[4.0483, 4.4763]","[4.0495, 4.4774]",4.477359445448134,1.0000906457141578e-9,seed_only
s015,70,4.2081,clgbt,clgbt,2,true,,1456.581614570134,3.395067924837177,1.4934,21.0,1.3435,24689,17883,1456.582,"[0.6205, 3.3951]","[0.8732, 3.6283]",3.628299693387834,1.000090638775264e-9,seed_only
s015,60,3.6069,clgbt,clgbt,2,true,,2212.0440548921965,3.015250533680696,2.2680,123.8,7.9250,90606,60383,2212.044,"[1.1577, 3.0153]","[1.6749, 3.2903]",3.2903203155450518,3.471735926934352e-5,optimized
s015,50,3.0058,clgbt,clgbt,2,false,no_solution,null,null,,954.1,61.0749,200000,128373,null,[],[],null,,
s015,40,2.4046,clgbt,clgbt,2,false,not_run_after_fail,,,,0.0,,,,,,,,,
s015,30,1.8035,clgbt,clgbt,2,false,not_run_after_fail,,,,0.0,,,,,,,,,
s016,100,5.3298,clgbt,clgbt,2,true,,1434.1689776635335,4.285297212165565,1.5299,128.0,8.1678,98173,59081,1434.169,"[0.4727, 4.2853]","[0.6645, 4.874]",4.873954287792263,1.0000906214280292e-9,seed_only
s016,90,4.7968,clgbt,clgbt,2,false,recovery_failed,1352.0362982195209,3.5457855107865215,,731.2,46.6578,197783,113044,1352.036,"[1.2888, 3.5458]","[1.783, 4.2628]",4.262821193349642,-0.10477522144754264,recovery_failed
s016,80,4.2639,clgbt,clgbt,2,false,not_run_after_fail,,,,0.0,,,,,,,,,
s016,70,3.7309,clgbt,clgbt,2,false,not_run_after_fail,,,,0.0,,,,,,,,,
s016,60,3.1979,clgbt,clgbt,2,false,not_run_after_fail,,,,0.0,,,,,,,,,
s016,50,2.6649,clgbt,clgbt,2,false,not_run_after_fail,,,,0.0,,,,,,,,,
s016,40,2.1319,clgbt,clgbt,2,false,not_run_after_fail,,,,0.0,,,,,,,,,
s016,30,1.5989,clgbt,clgbt,2,false,not_run_after_fail,,,,0.0,,,,,,,,,
s017,100,8.9550,clgbt,clgbt,2,true,,1395.9639566794463,6.806625572497076,1.5289,14.4,0.9237,1449,1089,1395.964,"[7.1198, 6.8066]","[6.9263, 7.6815]",7.6814801636325845,1.0657770485589246e-8,optimized
s017,90,8.0595,clgbt,clgbt,2,true,,1411.0310441062434,6.89456994696143,1.5454,14.2,0.9135,1449,1089,1411.031,"[7.1, 6.8946]","[6.9263, 7.6815]",7.6814801636325845,5.210640592612226e-9,optimized
s017,80,7.1640,clgbt,clgbt,2,false,recovery_failed,2095.9368006165896,6.023969998557502,,19.6,1.2593,1520,1136,2095.937,"[5.5918, 6.024]","[6.3621, 6.8328]",6.8327985975714975,-0.0006432705622957807,recovery_failed
s017,70,6.2685,clgbt,clgbt,2,false,not_run_after_fail,,,,0.0,,,,,,,,,
s017,60,5.3730,clgbt,clgbt,2,false,not_run_after_fail,,,,0.0,,,,,,,,,
s017,50,4.4775,clgbt,clgbt,2,false,not_run_after_fail,,,,0.0,,,,,,,,,
s017,40,3.5820,clgbt,clgbt,2,false,not_run_after_fail,,,,0.0,,,,,,,,,
s017,30,2.6865,clgbt,clgbt,2,false,not_run_after_fail,,,,0.0,,,,,,,,,
s023,100,5.0964,clgbt,clgbt,2,true,,1038.0014660107345,4.364438165395855,1.6326,12.9,0.8424,29,21,1038.001,"[4.0726, 4.3644]","[4.0733, 4.3651]",4.365099540352538,1.000090628366923e-9,seed_only
s023,90,4.5868,clgbt,clgbt,2,true,,1038.0014660107345,4.364438165395855,1.6326,12.9,0.8402,29,21,1038.001,"[4.0726, 4.3644]","[4.0733, 4.3651]",4.365099540352538,1.000090628366923e-9,seed_only
s023,80,4.0771,clgbt,clgbt,2,true,,1595.5498342771662,2.582918311781752,2.5095,16.2,1.0558,10108,5383,1595.55,"[0.6079, 2.5829]","[0.8495, 2.7212]",2.7212213882173204,4.655644393940228e-6,optimized
s023,70,3.5675,clgbt,clgbt,2,true,,1593.3184166813203,2.525230887578677,2.5060,16.2,1.0550,10108,5383,1593.318,"[0.6179, 2.5252]","[0.8495, 2.7212]",2.7212213882173204,3.662524284003127e-6,optimized
s023,60,3.0578,clgbt,clgbt,2,true,,1502.581552225323,2.814419505686946,2.3633,18.1,1.1830,10108,5383,1502.582,"[0.6575, 2.8144]","[0.8495, 2.7212]",2.7212213882173204,7.614864939997634e-9,optimized
s023,50,2.5482,clgbt,clgbt,2,true,,1679.1380395931603,1.3446963496052566,2.6410,17.0,1.1093,20873,10419,1679.138,"[0.6364, 1.3447]","[0.8969, 1.6204]",1.6203952702483597,1.0000906248974761e-9,seed_only
s023,40,2.0386,clgbt,clgbt,2,true,,1679.1380395931603,1.3446963496052566,2.6410,17.2,1.1222,20873,10419,1679.138,"[0.6364, 1.3447]","[0.8969, 1.6204]",1.6203952702483597,1.0000906248974761e-9,seed_only
s023,30,1.5289,clgbt,clgbt,2,false,no_solution,null,null,,456.5,29.7534,200000,91323,null,[],[],null,,
s024,100,10.8850,clgbt,clgbt,2,true,,1087.349730993053,6.333222200484831,1.1831,13.9,0.8903,14,11,1087.35,"[6.0695, 6.3332]","[7.1168, 7.4908]",7.490793520011402,1.5731492011838988e-9,optimized
s024,90,9.7965,clgbt,clgbt,2,true,,1087.3936004784996,6.3242026754109055,1.1832,13.8,0.8864,14,11,1087.394,"[6.0663, 6.3242]","[7.1168, 7.4908]",7.490793520011402,7.306829700320927e-9,optimized
s024,80,8.7080,clgbt,clgbt,2,true,,1087.4202391760332,6.327228729232126,1.1832,13.9,0.8878,14,11,1087.42,"[6.0631, 6.3272]","[7.1168, 7.4908]",7.490793520011402,1.7028536185292875e-9,optimized
s024,70,7.6195,clgbt,clgbt,2,true,,1085.8025967671902,6.338903512155443,1.1814,14.9,0.9547,14,11,1085.803,"[6.0211, 6.3389]","[7.1168, 7.4908]",7.490793520011402,9.82124988974098e-10,optimized
s024,60,6.5310,clgbt,clgbt,2,true,,1307.7403974628937,6.328592420748742,1.4229,14.2,0.9072,2163,1672,1307.74,"[5.3549, 6.3286]","[5.225, 5.7131]",5.713129006125098,4.129482329695566e-8,optimized
s024,50,5.4425,clgbt,clgbt,2,true,,1500.7566866293641,5.350763297303173,1.6329,101.7,6.5096,84463,55057,1500.757,"[1.0951, 5.3508]","[1.4975, 5.3508]",5.350763297303173,1.0000906248974761e-9,seed_only
s024,40,4.3540,clgbt,clgbt,2,false,no_solution,null,null,,865.3,55.3955,200000,121904,null,[],[],null,,
s024,30,3.2655,clgbt,clgbt,2,false,not_run_after_fail,,,,0.0,,,,,,,,,
s025,100,5.2959,clgbt,clgbt,2,true,,1038.0014660107345,4.752957254879361,1.3650,12.9,0.8462,29,16,1038.001,"[4.4792, 4.753]","[4.4795, 4.7532]",4.7531797920365175,1.000090628366923e-9,seed_only
s025,90,4.7663,clgbt,clgbt,2,true,,1038.0014660107345,4.752957254879361,1.3650,12.9,0.8458,29,16,1038.001,"[4.4792, 4.753]","[4.4795, 4.7532]",4.7531797920365175,1.000090628366923e-9,seed_only
s025,80,4.2367,clgbt,clgbt,2,false,recovery_failed,1372.5877668497199,4.135117536603899,,13.9,0.9087,1390,873,1372.588,"[0.6792, 4.1351]","[0.9558, 3.7395]",3.739543073762544,-0.0016485103677846523,recovery_failed
s025,70,3.7071,clgbt,clgbt,2,false,not_run_after_fail,,,,0.0,,,,,,,,,
s025,60,3.1775,clgbt,clgbt,2,false,not_run_after_fail,,,,0.0,,,,,,,,,
s025,50,2.6480,clgbt,clgbt,2,false,not_run_after_fail,,,,0.0,,,,,,,,,
s025,40,2.1184,clgbt,clgbt,2,false,not_run_after_fail,,,,0.0,,,,,,,,,
s025,30,1.5888,clgbt,clgbt,2,false,not_run_after_fail,,,,0.0,,,,,,,,,
s028,100,5.3112,clgbt,clgbt,2,true,,1877.239096740103,4.88168291056033,2.4106,14.4,0.9220,4950,3651,1877.239,"[4.3305, 4.8817]","[4.3355, 5.1891]",5.189090004865934,0.0005549653480359205,optimized
s028,90,4.7800,clgbt,clgbt,2,true,,1674.929396328575,4.387566277806556,2.1508,129.7,8.3256,101896,57635,1674.929,"[3.8717, 4.3876]","[3.878, 4.393]",4.392969634997396,1.0000906248974761e-9,seed_only
s028,80,4.2489,clgbt,clgbt,2,false,no_solution,null,null,,684.8,43.9661,200000,109750,null,[],[],null,,
s028,70,3.7178,clgbt,clgbt,2,false,not_run_after_fail,,,,0.0,,,,,,,,,
s028,60,3.1867,clgbt,clgbt,2,false,not_run_after_fail,,,,0.0,,,,,,,,,
s028,50,2.6556,clgbt,clgbt,2,false,not_run_after_fail,,,,0.0,,,,,,,,,
s028,40,2.1245,clgbt,clgbt,2,false,not_run_after_fail,,,,0.0,,,,,,,,,
s028,30,1.5933,clgbt,clgbt,2,false,not_run_after_fail,,,,0.0,,,,,,,,,
s029,100,5.0016,clgbt,clgbt,2,true,,1177.2710911252236,5.001584872358695,1.1883,13.0,0.8355,62,49,1177.271,"[4.8407, 5.0016]","[4.9254, 4.6827]",4.682718974559897,1.8224641305408795e-5,optimized
s029,90,4.5014,clgbt,clgbt,2,true,,1264.822255021639,1.198489659171839,1.2767,12.8,0.8200,177,151,1264.822,"[0.6217, 1.1985]","[0.8573, 3.6265]",3.6264981833057046,0.011129164343657473,optimized
s029,80,4.0013,clgbt,clgbt,2,true,,1264.880680965818,1.1976428496655516,1.2767,13.0,0.8355,177,151,1264.881,"[0.6199, 1.1976]","[0.8573, 3.6265]",3.6264981833057046,0.011165202484896898,optimized
s029,70,3.5011,clgbt,clgbt,2,true,,1519.3066318796111,2.923801351666233,1.5335,35.9,2.3005,39600,29655,1519.307,"[0.6204, 2.9238]","[0.8543, 2.9079]",2.9079022313174714,1.059186350085839e-8,optimized
s029,60,3.0010,clgbt,clgbt,2,false,recovery_failed,1502.2797726637266,2.9054451221306925,,36.3,2.3256,39600,29655,1502.28,"[0.626, 2.9054]","[0.8543, 2.9079]",2.9079022313174714,-0.016983044219682775,recovery_failed
s029,50,2.5008,clgbt,clgbt,2,false,not_run_after_fail,,,,0.0,,,,,,,,,
s029,40,2.0006,clgbt,clgbt,2,false,not_run_after_fail,,,,0.0,,,,,,,,,
s029,30,1.5005,clgbt,clgbt,2,false,not_run_after_fail,,,,0.0,,,,,,,,,
s030,100,8.7501,clgbt,clgbt,2,true,,1148.288533772767,7.431014367535598,1.4048,13.0,0.8472,91,74,1148.289,"[7.3709, 7.431]","[7.3709, 7.431]",7.431014367535598,1.0000906248974761e-9,seed_only
s030,90,7.8751,clgbt,clgbt,2,true,,1148.288533772767,7.431014367535598,1.4048,12.9,0.8429,91,74,1148.289,"[7.3709, 7.431]","[7.3709, 7.431]",7.431014367535598,1.0000906248974761e-9,seed_only
s030,80,7.0001,clgbt,clgbt,2,true,,1921.3688778807737,6.500063285376001,2.3505,14.5,0.9435,3951,3029,1921.369,"[6.4999, 6.5001]","[6.2309, 6.6191]",6.619147765408169,0.0025121437049401563,optimized
s030,70,6.1250,clgbt,clgbt,2,true,,1976.5967722352398,5.500405241082545,2.4181,14.1,0.9198,5359,4046,1976.597,"[5.4999, 5.5004]","[5.6178, 5.9699]",5.969912479199454,0.0006531868475007363,optimized
s030,60,5.2500,clgbt,clgbt,2,false,recovery_failed,1275.863014764102,4.955147629488484,,463.6,30.2094,165735,98918,1275.863,"[3.0758, 4.9551]","[3.4509, 5.2464]",5.246383565085832,-0.16926347605042474,recovery_failed
s030,50,4.3750,clgbt,clgbt,2,false,not_run_after_fail,,,,0.0,,,,,,,,,
s030,40,3.5000,clgbt,clgbt,2,false,not_run_after_fail,,,,0.0,,,,,,,,,
s030,30,2.6250,clgbt,clgbt,2,false,not_run_after_fail,,,,0.0,,,,,,,,,
s031,100,8.7490,clgbt,clgbt,2,true,,1102.7456090284836,8.579785768690275,1.1940,13.0,0.8291,14,11,1102.746,"[8.2291, 8.5798]","[8.2291, 8.5798]",8.579785768690275,1.000090638775264e-9,seed_only
s031,90,7.8741,clgbt,clgbt,2,true,,1685.8312946908661,6.736090091180247,1.8253,15.3,0.9743,4936,3846,1685.831,"[0.5942, 6.7361]","[0.7917, 6.7714]",6.771446611703875,1.666392947935469e-8,optimized
s031,80,6.9992,clgbt,clgbt,2,true,,1688.2519614590367,6.668964474437288,1.8280,15.7,0.9998,4936,3846,1688.252,"[0.5923, 6.669]","[0.7917, 6.7714]",6.771446611703875,2.0652412582172763e-8,optimized
s031,70,6.1243,clgbt,clgbt,2,true,,1280.3962610789938,5.857351148200911,1.3864,654.8,41.6599,178706,112884,1280.396,"[0.5441, 5.8574]","[0.7626, 5.8574]",5.857351148200911,1.000090638775264e-9,seed_only
s031,60,5.2494,clgbt,clgbt,2,false,no_solution,null,null,,934.9,59.4759,200000,125096,null,[],[],null,,
s031,50,4.3745,clgbt,clgbt,2,false,not_run_after_fail,,,,0.0,,,,,,,,,
s031,40,3.4996,clgbt,clgbt,2,false,not_run_after_fail,,,,0.0,,,,,,,,,
s031,30,2.6247,clgbt,clgbt,2,false,not_run_after_fail,,,,0.0,,,,,,,,,
s032,100,7.4877,clgbt,clgbt,2,true,,980.6801066850006,7.487679188955451,1.0175,14.4,0.9207,1254,1015,980.68,"[4.9194, 7.4877]","[9.7971, 7.0306]",7.030639967119045,1.8350445492032463e-6,optimized
s032,90,6.7389,clgbt,clgbt,2,true,,1891.0525965581041,5.489667655589933,1.9621,13.5,0.8617,1985,1559,1891.053,"[5.3861, 5.4897]","[5.3861, 5.4897]",5.489667655589933,1.00009063183637e-9,seed_only
s032,80,5.9901,clgbt,clgbt,2,true,,1891.0525965581041,5.489667655589933,1.9621,13.5,0.8610,1985,1559,1891.053,"[5.3861, 5.4897]","[5.3861, 5.4897]",5.489667655589933,1.00009063183637e-9,seed_only
s032,70,5.2414,clgbt,clgbt,2,true,,2438.66213354325,3.391240471438615,2.5303,56.3,3.5982,58198,38839,2438.662,"[0.6015, 3.3912]","[0.848, 3.9093]",3.9092623520019263,1.0000906040807944e-9,seed_only
s032,60,4.4926,clgbt,clgbt,2,true,,2438.66213354325,3.391240471438615,2.5303,56.2,3.5895,58198,38839,2438.662,"[0.6015, 3.3912]","[0.848, 3.9093]",3.9092623520019263,1.0000906040807944e-9,seed_only
s032,50,3.7438,clgbt,clgbt,2,false,no_solution,null,null,,874.5,55.8956,200000,122430,null,[],[],null,,
s032,40,2.9951,clgbt,clgbt,2,false,not_run_after_fail,,,,0.0,,,,,,,,,
s032,30,2.2463,clgbt,clgbt,2,false,not_run_after_fail,,,,0.0,,,,,,,,,
s033,100,5.6674,clgbt,clgbt,2,true,,1038.0014660107345,5.515925665774315,1.3857,13.0,0.8306,32,26,1038.001,"[5.2304, 5.5159]","[5.2304, 5.5159]",5.515925665774315,1.0000906214280292e-9,seed_only
s033,90,5.1006,clgbt,clgbt,2,true,,1234.8107879676188,3.0740615000349023,1.6485,14.2,0.9101,741,575,1234.811,"[0.8258, 3.0741]","[0.9235, 3.5488]",3.54883874477488,8.720825367403151e-9,optimized
s033,80,4.5339,clgbt,clgbt,2,true,,1304.5845885445092,2.4066482188144693,1.7416,13.7,0.8748,741,575,1304.585,"[0.6809, 2.4066]","[0.9235, 3.5488]",3.54883874477488,0.0038809893985684053,optimized
s033,70,3.9672,clgbt,clgbt,2,true,,1306.9593081426206,2.4192133050543028,1.7448,13.6,0.8702,741,575,1306.959,"[0.6833, 2.4192]","[0.9235, 3.5488]",3.54883874477488,0.0038068092314538747,optimized
s033,60,3.4004,clgbt,clgbt,2,true,,1111.835436767217,2.690580105846326,1.4843,13.3,0.8488,1574,1194,1111.835,"[0.7486, 2.6906]","[1.0526, 2.9456]",2.9456203370206655,1.0000906248974761e-9,seed_only
s033,50,2.8337,clgbt,clgbt,2,true,,1363.5700841457408,2.1471730928037545,1.8204,15.1,0.9650,3053,2167,1363.57,"[1.0809, 2.1472]","[1.5965, 2.6159]",2.615914911858504,2.917075730274332e-9,optimized
s033,40,2.2670,clgbt,clgbt,2,false,no_solution,null,null,,465.6,29.7771,200000,91671,null,[],[],null,,
s033,30,1.7002,clgbt,clgbt,2,false,not_run_after_fail,,,,0.0,,,,,,,,,
s035,100,8.7092,clgbt,clgbt,2,true,,1060.1011051546589,8.522083899388809,1.2184,14.8,0.9505,5985,4885,1060.101,"[8.3373, 8.5221]","[8.455, 8.5327]",8.532733638650727,0.011851052589047992,optimized
s035,90,7.8383,clgbt,clgbt,2,true,,1732.5281082058393,5.520742033308909,1.9912,15.7,1.0088,6880,5554,1732.528,"[4.0926, 5.5207]","[4.0148, 5.5074]",5.507403644825272,3.2502515921739583e-9,optimized
s035,80,6.9674,clgbt,clgbt,2,true,,1730.1638025526697,5.515389811507325,1.9885,15.7,1.0092,6880,5554,1730.164,"[4.0543, 5.5154]","[4.0148, 5.5074]",5.507403644825272,8.76604414057347e-11,optimized
s035,70,6.0964,clgbt,clgbt,2,true,,1736.5789124753992,5.991511232873488,1.9959,16.2,1.0428,6880,5554,1736.579,"[4.0256, 5.9915]","[4.0148, 5.5074]",5.507403644825272,8.822804337810242e-9,optimized
s035,60,5.2255,clgbt,clgbt,2,false,no_solution,null,null,,952.2,61.1398,200000,126593,null,[],[],null,,
s035,50,4.3546,clgbt,clgbt,2,false,not_run_after_fail,,,,0.0,,,,,,,,,
s035,40,3.4837,clgbt,clgbt,2,false,not_run_after_fail,,,,0.0,,,,,,,,,
s035,30,2.6128,clgbt,clgbt,2,false,not_run_after_fail,,,,0.0,,,,,,,,,
s036,100,5.3877,clgbt,clgbt,2,true,,989.4193341494824,5.155484645624892,1.3966,13.9,0.8939,2937,1854,989.419,"[4.901, 5.1555]","[5.0949, 5.2664]",5.266369250849245,1.6906200644622004e-5,optimized
s036,90,4.8489,clgbt,clgbt,2,false,recovery_failed,1356.638845345149,3.830584388906878,,14.8,0.9544,4119,2486,1356.639,"[2.4473, 3.8306]","[3.778, 4.6649]",4.664865630784241,-0.0020132549695995386,recovery_failed
s036,80,4.3101,clgbt,clgbt,2,false,not_run_after_fail,,,,0.0,,,,,,,,,
s036,70,3.7714,clgbt,clgbt,2,false,not_run_after_fail,,,,0.0,,,,,,,,,
s036,60,3.2326,clgbt,clgbt,2,false,not_run_after_fail,,,,0.0,,,,,,,,,
s036,50,2.6938,clgbt,clgbt,2,false,not_run_after_fail,,,,0.0,,,,,,,,,
s036,40,2.1551,clgbt,clgbt,2,false,not_run_after_fail,,,,0.0,,,,,,,,,
s036,30,1.6163,clgbt,clgbt,2,false,not_run_after_fail,,,,0.0,,,,,,,,,
s037,100,5.8289,clgbt,clgbt,2,true,,2334.4335711375634,5.208448444195143,2.2221,14.2,0.9066,4934,3700,2334.434,"[5.2082, 5.2084]","[5.1799, 5.6502]",5.650216574147255,4.124553806137549e-6,optimized
s037,90,5.2460,clgbt,clgbt,2,false,recovery_failed,1461.7476845508004,3.1733374326828026,,22.1,1.4086,25083,17129,1461.748,"[1.5578, 3.1733]","[2.9767, 4.2875]",4.287523326517591,-9.544695699995054e-5,recovery_failed
s037,80,4.6631,clgbt,clgbt,2,false,not_run_after_fail,,,,0.0,,,,,,,,,
s037,70,4.0802,clgbt,clgbt,2,false,not_run_after_fail,,,,0.0,,,,,,,,,
s037,60,3.4973,clgbt,clgbt,2,false,not_run_after_fail,,,,0.0,,,,,,,,,
s037,50,2.9144,clgbt,clgbt,2,false,not_run_after_fail,,,,0.0,,,,,,,,,
s037,40,2.3316,clgbt,clgbt,2,false,not_run_after_fail,,,,0.0,,,,,,,,,
s037,30,1.7487,clgbt,clgbt,2,false,not_run_after_fail,,,,0.0,,,,,,,,,
s038,100,9.7823,clgbt,clgbt,2,true,,1218.9336623580928,9.48019374720272,1.2285,13.1,0.8412,1132,988,1218.934,"[9.4544, 9.4802]","[9.4544, 9.4802]",9.48019374720272,1.00009063183637e-9,seed_only
s038,90,8.8041,clgbt,clgbt,2,true,,1212.1201097323412,7.735853210646154,1.2216,17.6,1.1296,15948,12699,1212.12,"[7.9667, 7.7359]","[8.3435, 8.4717]",8.471692418776044,0.0007889981625339715,optimized
s038,80,7.8259,clgbt,clgbt,2,true,,2074.9004326066442,7.3678879215367346,2.0911,19.7,1.2670,21095,16736,2074.9,"[7.3655, 7.3679]","[7.2857, 7.7467]",7.746712055739782,0.00493474599656922,optimized
s038,70,6.8476,clgbt,clgbt,2,false,no_solution,null,null,,1198.1,76.9407,200000,140984,null,[],[],null,,
s038,60,5.8694,clgbt,clgbt,2,false,not_run_after_fail,,,,0.0,,,,,,,,,
s038,50,4.8912,clgbt,clgbt,2,false,not_run_after_fail,,,,0.0,,,,,,,,,
s038,40,3.9129,clgbt,clgbt,2,false,not_run_after_fail,,,,0.0,,,,,,,,,
s038,30,2.9347,clgbt,clgbt,2,false,not_run_after_fail,,,,0.0,,,,,,,,,
s040,100,6.6980,clgbt,clgbt,2,true,,889.5197311656848,6.355610549120931,1.1638,13.0,0.8489,1382,1232,889.52,"[2.2833, 6.3556]","[2.7068, 6.3556]",6.355610549120931,1.0000906422447109e-9,seed_only
s040,90,6.0282,clgbt,clgbt,2,true,,1804.3589396588607,5.555795621218288,2.3608,13.1,0.8594,1935,1710,1804.359,"[4.9184, 5.5558]","[5.0273, 5.6523]",5.652330877930178,4.200435485546272e-11,optimized
s040,80,5.3584,clgbt,clgbt,2,true,,2071.401392135537,4.015357271763226,2.7102,14.3,0.9338,4394,3739,2071.401,"[4.0144, 4.0154]","[3.9761, 4.9493]",4.949324133397081,0.0014509668484590718,optimized
s040,70,4.6886,clgbt,clgbt,2,true,,1221.2635031819784,3.644003755786792,1.5979,17.3,1.1319,13830,10898,1221.264,"[0.797, 3.644]","[2.5714, 3.9387]",3.9387140662915203,7.453995823358817e-10,optimized
s040,60,4.0188,clgbt,clgbt,2,true,,1232.8113192467624,3.441207898331344,1.6130,17.1,1.1217,13830,10898,1232.811,"[0.7936, 3.4412]","[2.5714, 3.9387]",3.9387140662915203,0.0017541823066072673,optimized
s040,50,3.3490,clgbt,clgbt,2,false,recovery_failed,1837.9660923301758,2.464489782092362,,28.8,1.8833,35022,25699,1837.966,"[0.7091, 2.4645]","[0.9977, 2.9386]",2.9386082071887345,-0.07700089720000627,recovery_failed
s040,40,2.6792,clgbt,clgbt,2,false,not_run_after_fail,,,,0.0,,,,,,,,,
s040,30,2.0094,clgbt,clgbt,2,false,not_run_after_fail,,,,0.0,,,,,,,,,
s043,100,9.5090,clgbt,clgbt,2,true,,1203.3469825195564,8.852774185152912,1.5687,13.8,0.8840,172,152,1203.347,"[4.0894, 8.8528]","[4.304, 9.4755]",9.475542653163574,0.001654226495020339,optimized
s043,90,8.5581,clgbt,clgbt,2,true,,1069.1696696813535,6.8302091089659145,1.3938,13.1,0.8426,2307,1992,1069.17,"[4.3383, 6.8302]","[4.6303, 6.7722]",6.772199352211981,8.887324069728475e-8,optimized
s043,80,7.6072,clgbt,clgbt,2,true,,1069.118036298833,6.828488408287187,1.3937,13.3,0.8546,2307,1992,1069.118,"[4.3364, 6.8285]","[4.6303, 6.7722]",6.772199352211981,1.646459811197043e-8,optimized
s043,70,6.6563,clgbt,clgbt,2,false,recovery_failed,1055.3798901506684,6.5605875408037715,,14.6,0.9335,9228,7351,1055.38,"[4.4582, 6.5606]","[4.6861, 6.6157]",6.615732097130008,-0.0003683183697006341,recovery_failed
s043,60,5.7054,clgbt,clgbt,2,false,not_run_after_fail,,,,0.0,,,,,,,,,
s043,50,4.7545,clgbt,clgbt,2,false,not_run_after_fail,,,,0.0,,,,,,,,,
s043,40,3.8036,clgbt,clgbt,2,false,not_run_after_fail,,,,0.0,,,,,,,,,
s043,30,2.8527,clgbt,clgbt,2,false,not_run_after_fail,,,,0.0,,,,,,,,,
s045,100,8.7808,clgbt,clgbt,2,true,,1100.7775299134305,5.359787940580718,1.3618,13.7,0.8753,81,54,1100.778,"[5.6732, 5.3598]","[6.796, 7.2376]",7.237566925821181,1.0149930912130003e-6,optimized
s045,90,7.9027,clgbt,clgbt,2,true,,1144.467068024353,6.216565891139914,1.4159,13.9,0.8849,81,54,1144.467,"[5.6653, 6.2166]","[6.796, 7.2376]",7.237566925821181,9.208193833070255e-6,optimized
s045,80,7.0246,clgbt,clgbt,2,true,,1220.1906941685877,6.757553487930404,1.5096,13.9,0.8862,174,125,1220.191,"[2.6118, 6.7576]","[3.1305, 4.3942]",4.394205208989057,0.002392042362544089,optimized
s045,70,6.1466,clgbt,clgbt,2,true,,1253.3555270863599,4.394205208989057,1.5506,13.4,0.8549,174,125,1253.356,"[2.7678, 4.3942]","[3.1305, 4.3942]",4.394205208989057,1.000090638775264e-9,seed_only
s045,60,5.2685,clgbt,clgbt,2,true,,1204.833678609597,5.2684839367793375,1.4906,14.4,0.9200,174,125,1204.834,"[2.2219, 5.2685]","[3.1305, 4.3942]",4.394205208989057,1.3722066238841535e-7,optimized
s045,50,4.3904,clgbt,clgbt,2,true,,1671.663424667329,4.098323515382097,2.0681,83.9,5.3530,77621,44824,1671.663,"[0.8037, 4.0983]","[1.1615, 4.2529]",4.252850163862629,9.125993183367598e-9,optimized
s045,40,3.5123,clgbt,clgbt,2,false,no_solution,null,null,,627.3,40.0015,200000,103825,null,[],[],null,,
s045,30,2.6342,clgbt,clgbt,2,false,not_run_after_fail,,,,0.0,,,,,,,,,
s046,100,10.0078,clgbt,clgbt,2,true,,1240.9974630112915,8.891828428482269,1.2263,14.1,0.9006,62,53,1240.997,"[8.378, 8.8918]","[7.9252, 9.8502]",9.850183335313496,9.300747933593811e-6,optimized
s046,90,9.0070,clgbt,clgbt,2,true,,1044.8188067093383,7.314970591982005,1.0325,15.7,1.0012,3555,2845,1044.819,"[12.0992, 7.315]","[13.1583, 9.0004]",9.000444838693458,8.719833743953131e-10,optimized
s046,80,8.0062,clgbt,clgbt,2,true,,2079.891737002382,7.940585620759925,2.0553,39.8,2.5347,44487,30983,2079.892,"[7.2527, 7.9406]","[6.5152, 6.8937]",6.893680192703709,1.612361359010217e-9,optimized
s046,70,7.0055,clgbt,clgbt,2,true,,2101.6269294265994,6.923063938916749,2.0768,40.5,2.5782,44487,30983,2101.627,"[5.8371, 6.9231]","[6.5152, 6.8937]",6.893680192703709,1.637009127905542e-8,optimized
s046,60,6.0047,clgbt,clgbt,2,true,,1455.4384925102074,5.0606457521865496,1.4383,384.2,24.4552,147809,96917,1455.438,"[5.1118, 5.0606]","[5.096, 5.991]",5.991047932341344,1.9121746724221067e-8,optimized
s046,50,5.0039,clgbt,clgbt,2,false,no_solution,null,null,,961.6,61.2098,200000,128903,null,[],[],null,,
s046,40,4.0031,clgbt,clgbt,2,false,not_run_after_fail,,,,0.0,,,,,,,,,
s046,30,3.0023,clgbt,clgbt,2,false,not_run_after_fail,,,,0.0,,,,,,,,,
s047,100,5.8596,clgbt,clgbt,2,true,,1038.0014660107345,5.7108551854872225,1.4537,12.9,0.8447,32,21,1038.001,"[5.4292, 5.7109]","[5.4292, 5.7109]",5.7108551854872225,1.0000906214280292e-9,seed_only
s047,90,5.2736,clgbt,clgbt,2,true,,1353.8563735367823,5.253721513899115,1.8961,13.2,0.8607,4229,2672,1353.856,"[5.105, 5.2537]","[5.105, 5.2537]",5.253721513899115,1.0000906110196883e-9,seed_only
s047,80,4.6877,clgbt,clgbt,2,true,,1565.0381857925977,4.351202252188142,2.1918,17.2,1.1225,5707,3464,1565.038,"[0.7402, 4.3512]","[0.9353, 4.3448]",4.344820672917956,2.382951787283094e-10,optimized
s047,70,4.1017,clgbt,clgbt,2,true,,1540.0476690184148,3.192662228033932,2.1568,30.5,1.9883,42775,21013,1540.048,"[0.6999, 3.1927]","[0.9878, 3.7663]",3.766290746984475,1.0000906248974761e-9,seed_only
s047,60,3.5158,clgbt,clgbt,2,true,,1421.6161175969262,3.5099675435811095,1.9910,61.2,3.9952,75358,35840,1421.616,"[1.5894, 3.51]","[2.0311, 3.4953]",3.495330160247447,2.0454471449937728e-13,optimized
s047,50,2.9298,clgbt,clgbt,2,false,no_solution,null,null,,441.6,28.8344,200000,89442,null,[],[],null,,
s047,40,2.3438,clgbt,clgbt,2,false,not_run_after_fail,,,,0.0,,,,,,,,,
s047,30,1.7579,clgbt,clgbt,2,false,not_run_after_fail,,,,0.0,,,,,,,,,
s048,100,6.4952,clgbt,clgbt,2,true,,1268.3178363444226,4.762961160130846,1.3668,12.8,0.8222,62,59,1268.318,"[3.8001, 4.763]","[3.6203, 4.5347]",4.534743458466581,2.8914531192969495e-8,optimized
s048,90,5.8457,clgbt,clgbt,2,true,,1269.93036901608,5.032963213273293,1.3686,12.9,0.8266,62,59,1269.93,"[3.8015, 5.033]","[3.6203, 4.5347]",4.534743458466581,2.9665188288480193e-8,optimized
s048,80,5.1962,clgbt,clgbt,2,true,,1306.8311850418736,4.534743458466581,1.4083,12.8,0.8208,62,59,1306.831,"[3.6187, 4.5347]","[3.6203, 4.5347]",4.534743458466581,0.006211033658230877,seed_only
s048,70,4.5467,clgbt,clgbt,2,true,,1306.8311850418736,4.534743458466581,1.4083,12.9,0.8255,62,59,1306.831,"[3.6187, 4.5347]","[3.6203, 4.5347]",4.534743458466581,0.006211033658230877,seed_only
s048,60,3.8971,clgbt,clgbt,2,true,,2202.598045177365,1.8149838058777688,2.3737,94.1,6.0302,79341,52845,2202.598,"[1.1165, 1.815]","[1.5833, 3.2018]",3.2017557148202607,0.002923120475289316,optimized
s048,50,3.2476,clgbt,clgbt,2,true,,2203.458035740648,1.749925729976063,2.3746,95.1,6.0903,79341,52845,2203.458,"[1.0514, 1.7499]","[1.5833, 3.2018]",3.2017557148202607,0.0029500222506362583,optimized
s048,40,2.5981,clgbt,clgbt,2,false,no_solution,null,null,,905.3,57.9833,200000,124372,null,[],[],null,,
s048,30,1.9486,clgbt,clgbt,2,false,not_run_after_fail,,,,0.0,,,,,,,,,
s049,100,11.4189,clgbt,clgbt,2,true,,1102.7456090284836,8.186988352058703,1.1991,12.9,0.8278,14,11,1102.746,"[7.8237, 8.187]","[7.8237, 8.187]",8.186988352058703,1.000090638775264e-9,seed_only
s049,90,10.2770,clgbt,clgbt,2,true,,1102.7456090284836,8.186988352058703,1.1991,12.9,0.8273,14,11,1102.746,"[7.8237, 8.187]","[7.8237, 8.187]",8.186988352058703,1.000090638775264e-9,seed_only
s049,80,9.1351,clgbt,clgbt,2,true,,1102.7456090284836,8.186988352058703,1.1991,13.1,0.8370,14,11,1102.746,"[7.8237, 8.187]","[7.8237, 8.187]",8.186988352058703,1.000090638775264e-9,seed_only
s049,70,7.9932,clgbt,clgbt,2,true,,1098.8331230620515,6.4843760262280234,1.1948,14.4,0.9198,2937,2313,1098.833,"[6.1335, 6.4844]","[6.3153, 7.9016]",7.901616841169232,3.893502974888774e-9,optimized
s049,60,6.8513,clgbt,clgbt,2,true,,2021.8871712251205,6.682787190798686,2.1985,14.6,0.9312,8316,6275,2021.887,"[6.3883, 6.6828]","[6.3883, 6.6828]",6.682787190798686,1.0000906144891353e-9,seed_only
s049,50,5.7094,clgbt,clgbt,2,true,,1974.8827942373334,5.2649783069244265,2.1474,18.7,1.1968,20532,14983,1974.883,"[5.2462, 5.265]","[5.2462, 5.265]",5.2649783069244265,1.0000906248974761e-9,seed_only
s049,40,4.5675,clgbt,clgbt,2,true,,1568.6128953423565,2.2432122039578988,1.7056,21.3,1.3630,23178,16851,1568.613,"[1.8429, 2.2432]","[2.7503, 3.3915]",3.3914872701248995,0.003158238269653866,optimized
s049,30,3.4257,clgbt,clgbt,2,true,,1630.8009159074936,2.1950930248919667,1.7732,21.1,1.3473,23178,16851,1630.801,"[1.8722, 2.1951]","[2.7503, 3.3915]",3.3914872701248995,0.00503239861690781,optimized
s050,100,8.9086,clgbt,clgbt,2,true,,944.7037839983336,8.263165330152544,1.1703,13.0,0.8446,38,32,944.704,"[8.8316, 8.2632]","[8.8359, 8.2631]",8.263126811320667,7.167982679752438e-6,optimized
s050,90,8.0177,clgbt,clgbt,2,false,recovery_failed,1176.0891322224593,6.8034951762463916,,13.1,0.8506,136,117,1176.089,"[6.8029, 6.8035]","[6.6928, 6.9637]",6.963663161139537,-0.020631623272385574,recovery_failed
s050,80,7.1269,clgbt,clgbt,2,false,not_run_after_fail,,,,0.0,,,,,,,,,
s050,70,6.2360,clgbt,clgbt,2,false,not_run_after_fail,,,,0.0,,,,,,,,,
s050,60,5.3452,clgbt,clgbt,2,false,not_run_after_fail,,,,0.0,,,,,,,,,
s050,50,4.4543,clgbt,clgbt,2,false,not_run_after_fail,,,,0.0,,,,,,,,,
s050,40,3.5634,clgbt,clgbt,2,false,not_run_after_fail,,,,0.0,,,,,,,,,
s050,30,2.6726,clgbt,clgbt,2,false,not_run_after_fail,,,,0.0,,,,,,,,,
s053,100,5.9518,clgbt,clgbt,2,true,,945.2921509071796,5.676913878764271,1.3335,13.6,0.8929,122,87,945.292,"[6.5765, 5.6769]","[6.3105, 5.8451]",5.84513125407702,0.000449708437145091,optimized
s053,90,5.3566,clgbt,clgbt,2,true,,1168.5521519045908,3.5979900212825133,1.6485,22.6,1.4790,30277,15985,1168.552,"[0.7799, 3.598]","[1.1928, 2.8988]",2.898780949447349,8.531684064089218e-9,optimized
s053,80,4.7614,clgbt,clgbt,2,true,,1168.5857998735385,3.497249606727334,1.6485,23.1,1.5136,30277,15985,1168.586,"[0.7679, 3.4972]","[1.1928, 2.8988]",2.898780949447349,1.2662133140606269e-8,optimized
s053,70,4.1662,clgbt,clgbt,2,true,,1168.6602949717856,3.405465747760023,1.6486,22.8,1.4968,30277,15985,1168.66,"[0.7634, 3.4055]","[1.1928, 2.8988]",2.898780949447349,6.800672372464511e-9,optimized
s053,60,3.5711,clgbt,clgbt,2,true,,1168.8690928049307,3.217604891866397,1.6489,22.9,1.5036,30277,15985,1168.869,"[0.7582, 3.2176]","[1.1928, 2.8988]",2.898780949447349,1.884104781912921e-9,optimized
s053,50,2.9759,clgbt,clgbt,2,true,,1170.2019415173288,2.852343565207279,1.6508,23.2,1.5224,30277,15985,1170.202,"[0.7526, 2.8523]","[1.1928, 2.8988]",2.898780949447349,1.9045987564858535e-9,optimized
s053,40,2.3807,clgbt,clgbt,2,false,no_solution,null,null,,453.1,29.7048,200000,88657,null,[],[],null,,
s053,30,1.7855,clgbt,clgbt,2,false,not_run_after_fail,,,,0.0,,,,,,,,,
s055,100,5.0483,clgbt,clgbt,2,true,,1306.8311850418736,4.749271778156954,1.3194,12.5,0.7968,62,46,1306.831,"[3.7843, 4.7493]","[3.7867, 4.7493]",4.749271778156954,0.006211033658230877,seed_only
s055,90,4.5435,clgbt,clgbt,2,true,,1292.0843494927124,4.201361489423349,1.3045,25.5,1.6174,30899,23665,1292.084,"[4.2011, 4.2014]","[4.2063, 4.2956]",4.295605952470661,0.005778700258460865,optimized
s055,80,4.0386,clgbt,clgbt,2,true,,1254.3596452399215,3.8784574603428195,1.2664,77.8,4.9434,69093,50853,1254.36,"[3.7246, 3.8785]","[3.7452, 3.898]",3.8980315137056296,0.016917919246244372,seed_only
s055,70,3.5338,clgbt,clgbt,2,true,,1203.972308847896,2.96296533341835,1.2155,729.8,46.3499,172755,120906,1203.972,"[1.7235, 2.963]","[2.3183, 3.4766]",3.476639753032968,0.00032099020917279383,optimized
s055,60,3.0290,clgbt,clgbt,2,false,no_solution,null,null,,1135.8,72.1283,200000,138685,null,[],[],null,,
s055,50,2.5241,clgbt,clgbt,2,false,not_run_after_fail,,,,0.0,,,,,,,,,
s055,40,2.0193,clgbt,clgbt,2,false,not_run_after_fail,,,,0.0,,,,,,,,,
s055,30,1.5145,clgbt,clgbt,2,false,not_run_after_fail,,,,0.0,,,,,,,,,
s057,100,5.1397,clgbt,clgbt,2,true,,1359.7983587925082,2.7346034631766956,1.3202,23.7,1.5091,27340,19899,1359.798,"[0.7749, 2.7346]","[1.116, 2.8856]",2.8855939656615157,3.682537651206186e-8,optimized
s057,90,4.6257,clgbt,clgbt,2,true,,1373.4727421933535,2.881445696227937,1.3335,22.9,1.4555,27340,19899,1373.473,"[0.7802, 2.8814]","[1.116, 2.8856]",2.8855939656615157,0.0041857481378836416,optimized
s057,80,4.1118,clgbt,clgbt,2,true,,1373.3985690873374,2.8770665467391323,1.3334,23.1,1.4682,27340,19899,1373.399,"[0.778, 2.8771]","[1.116, 2.8856]",2.8855939656615157,0.004196704349804195,optimized
s057,70,3.5978,clgbt,clgbt,2,true,,1373.3901617684473,2.8718536851258496,1.3334,23.7,1.5089,27340,19899,1373.39,"[0.7794, 2.8719]","[1.116, 2.8856]",2.8855939656615157,0.004246781903745108,optimized
s057,60,3.0838,clgbt,clgbt,2,true,,1370.6967118110836,2.8908215659454966,1.3308,23.2,1.4747,27340,19899,1370.697,"[0.7818, 2.8908]","[1.116, 2.8856]",2.8855939656615157,0.003925896104247581,optimized
s057,50,2.5699,clgbt,clgbt,2,true,,2033.2987944489455,2.121442885434744,1.9741,458.4,29.1715,153181,101141,2033.299,"[0.6037, 2.1214]","[0.8435, 2.2948]",2.294807745681233,1.000090638775264e-9,seed_only
s057,40,2.0559,clgbt,clgbt,2,false,no_solution,null,null,,999.9,63.6290,200000,129782,null,[],[],null,,
s057,30,1.5419,clgbt,clgbt,2,false,not_run_after_fail,,,,0.0,,,,,,,,,
s058,100,6.9173,clgbt,clgbt,2,true,,1025.9898409481762,5.016937929575266,1.6133,13.3,0.8712,32,29,1025.99,"[5.0166, 5.0169]","[5.1486, 5.4406]",5.440647042593285,0.000866353872403941,optimized
s058,90,6.2256,clgbt,clgbt,2,true,,1025.830459678952,4.973389985653907,1.6130,13.1,0.8572,32,29,1025.83,"[4.9731, 4.9734]","[5.1486, 5.4406]",5.440647042593285,0.0010647933547690003,optimized
s058,80,5.5338,clgbt,clgbt,2,true,,1038.0014660107345,5.440647042593285,1.6322,13.2,0.8624,32,29,1038.001,"[5.1486, 5.4406]","[5.1486, 5.4406]",5.440647042593285,1.0000906214280292e-9,seed_only
s058,70,4.8421,clgbt,clgbt,2,true,,1661.259103303635,2.797574787170843,2.6122,342.4,22.4461,171817,81663,1661.259,"[0.7104, 2.7976]","[1.0022, 3.3182]",3.318161272336553,1.000090628366923e-9,seed_only
s058,60,4.1504,clgbt,clgbt,2,true,,1661.259103303635,2.797574787170843,2.6122,340.6,22.3247,171817,81663,1661.259,"[0.7104, 2.7976]","[1.0022, 3.3182]",3.318161272336553,1.000090628366923e-9,seed_only
s058,50,3.4586,clgbt,clgbt,2,true,,1661.259103303635,2.797574787170843,2.6122,340.0,22.2849,171817,81663,1661.259,"[0.7104, 2.7976]","[1.0022, 3.3182]",3.318161272336553,1.000090628366923e-9,seed_only
s058,40,2.7669,clgbt,clgbt,2,false,no_solution,null,null,,492.7,32.2991,200000,93766,null,[],[],null,,
s058,30,2.0752,clgbt,clgbt,2,false,not_run_after_fail,,,,0.0,,,,,,,,,
s060,100,7.4188,clgbt,clgbt,2,true,,1038.0014660107345,5.576318951858831,1.6475,12.9,0.8479,32,24,1038.001,"[5.2788, 5.5763]","[5.2788, 5.5763]",5.576318951858831,1.0000906214280292e-9,seed_only
s060,90,6.6769,clgbt,clgbt,2,true,,1038.0014660107345,5.576318951858831,1.6475,12.9,0.8475,32,24,1038.001,"[5.2788, 5.5763]","[5.2788, 5.5763]",5.576318951858831,1.0000906214280292e-9,seed_only
s060,80,5.9351,clgbt,clgbt,2,true,,1038.0014660107345,5.576318951858831,1.6475,13.1,0.8632,32,24,1038.001,"[5.2788, 5.5763]","[5.2788, 5.5763]",5.576318951858831,1.0000906214280292e-9,seed_only
s060,70,5.1932,clgbt,clgbt,2,true,,1226.7202452927738,5.193169196516806,1.9470,74.3,4.8852,80364,38632,1226.72,"[0.5793, 5.1932]","[0.8164, 4.0405]",4.0404628341898565,1.721483194216944e-6,optimized
s060,60,4.4513,clgbt,clgbt,2,true,,1251.0049755248006,4.444322916537923,1.9855,75.0,4.9262,80364,38632,1251.005,"[0.5773, 4.4443]","[0.8164, 4.0405]",4.0404628341898565,1.060520480114513e-8,optimized
s060,50,3.7094,clgbt,clgbt,2,false,no_solution,null,null,,422.7,27.7774,200000,85286,null,[],[],null,,
s060,40,2.9675,clgbt,clgbt,2,false,not_run_after_fail,,,,0.0,,,,,,,,,
s060,30,2.2256,clgbt,clgbt,2,false,not_run_after_fail,,,,0.0,,,,,,,,,
s061,100,8.9677,clgbt,clgbt,2,true,,841.2755202123677,5.352857406515553,1.3548,12.9,0.8454,38,25,841.276,"[10.9268, 5.3529]","[10.927, 5.3528]",5.352823402438641,6.9054723955998265e-6,optimized
s061,90,8.0709,clgbt,clgbt,2,true,,841.2755239141413,5.352857482234645,1.3548,12.9,0.8438,38,25,841.276,"[10.9268, 5.3529]","[10.927, 5.3528]",5.352823402438641,6.905472392911005e-6,optimized
s061,80,7.1741,clgbt,clgbt,2,true,,841.2755311882513,5.352857632362007,1.3548,12.9,0.8467,38,25,841.276,"[10.9268, 5.3529]","[10.927, 5.3528]",5.352823402438641,6.9054723934418305e-6,optimized
s061,70,6.2774,clgbt,clgbt,2,true,,841.275552013549,5.352858072636125,1.3548,13.0,0.8489,38,25,841.276,"[10.9268, 5.3529]","[10.927, 5.3528]",5.352823402438641,6.905472393813061e-6,optimized
s061,60,5.3806,clgbt,clgbt,2,true,,841.2742978894181,5.352916603365167,1.3548,12.9,0.8478,38,25,841.274,"[10.9268, 5.3529]","[10.927, 5.3528]",5.352823402438641,4.777596509027149e-6,optimized
s061,50,4.4838,clgbt,clgbt,2,true,,931.9465338470259,4.353723013698185,1.5008,12.6,0.8245,1289,918,931.947,"[4.351, 4.3537]","[4.2972, 4.315]",4.31504962547281,4.077990899825634e-9,optimized
s061,40,3.5871,clgbt,clgbt,2,true,,1160.9381840642857,1.2814086143174275,1.8695,14.3,0.9368,4119,2552,1160.938,"[0.7, 1.2814]","[0.9514, 2.7506]",2.7505784950286256,3.410467301276365e-8,optimized
s061,30,2.6903,clgbt,clgbt,2,true,,1352.9460164002314,1.9794966298527774,2.1787,16.9,1.1065,20291,11091,1352.946,"[0.7004, 1.9795]","[0.9869, 2.1756]",2.175553628153875,1.0000906110196883e-9,seed_only
s062,100,5.2141,clgbt,clgbt,2,true,,1828.3629447404687,4.261941953032692,2.2699,15.0,0.9497,4950,3762,1828.363,"[4.2614, 4.2619]","[4.1432, 5.0338]",5.033801554250007,0.0018049411796455805,optimized
s062,90,4.6927,clgbt,clgbt,2,true,,1368.105954970756,2.947928602434864,1.6985,126.5,8.0203,96571,59016,1368.106,"[1.1744, 2.9479]","[1.6508, 3.5284]",3.528352069667577,1.00009063183637e-9,seed_only
s062,80,4.1712,clgbt,clgbt,2,true,,1368.105954970756,2.947928602434864,1.6985,129.4,8.2020,96571,59016,1368.106,"[1.1744, 2.9479]","[1.6508, 3.5284]",3.528352069667577,1.00009063183637e-9,seed_only
s062,70,3.6498,clgbt,clgbt,2,true,,1368.105954970756,2.947928602434864,1.6985,127.2,8.0634,96571,59016,1368.106,"[1.1744, 2.9479]","[1.6508, 3.5284]",3.528352069667577,1.00009063183637e-9,seed_only
s062,60,3.1284,clgbt,clgbt,2,false,no_solution,null,null,,809.6,51.3302,200000,115082,null,[],[],null,,
s062,50,2.6070,clgbt,clgbt,2,false,not_run_after_fail,,,,0.0,,,,,,,,,
s062,40,2.0856,clgbt,clgbt,2,false,not_run_after_fail,,,,0.0,,,,,,,,,
s062,30,1.5642,clgbt,clgbt,2,false,not_run_after_fail,,,,0.0,,,,,,,,,
s063,100,5.2198,clgbt,clgbt,2,true,,1776.128277256183,2.6742468191747055,1.7461,19.0,1.2200,22261,14054,1776.128,"[0.6114, 2.6742]","[0.8439, 3.0032]",3.0032296453668668,1.0000906214280292e-9,seed_only
s063,90,4.6978,clgbt,clgbt,2,true,,1776.128277256183,2.6742468191747055,1.7461,18.8,1.2090,22261,14054,1776.128,"[0.6114, 2.6742]","[0.8439, 3.0032]",3.0032296453668668,1.0000906214280292e-9,seed_only
s063,80,4.1758,clgbt,clgbt,2,true,,1776.128277256183,2.6742468191747055,1.7461,18.6,1.1973,22261,14054,1776.128,"[0.6114, 2.6742]","[0.8439, 3.0032]",3.0032296453668668,1.0000906214280292e-9,seed_only
s063,70,3.6539,clgbt,clgbt,2,true,,1776.128277256183,2.6742468191747055,1.7461,18.8,1.2119,22261,14054,1776.128,"[0.6114, 2.6742]","[0.8439, 3.0032]",3.0032296453668668,1.0000906214280292e-9,seed_only
s063,60,3.1319,clgbt,clgbt,2,true,,1776.128277256183,2.6742468191747055,1.7461,18.6,1.1983,22261,14054,1776.128,"[0.6114, 2.6742]","[0.8439, 3.0032]",3.0032296453668668,1.0000906214280292e-9,seed_only
s063,50,2.6099,clgbt,clgbt,2,false,no_solution,null,null,,716.7,46.1417,200000,111202,null,[],[],null,,
s063,40,2.0879,clgbt,clgbt,2,false,not_run_after_fail,,,,0.0,,,,,,,,,
s063,30,1.5659,clgbt,clgbt,2,false,not_run_after_fail,,,,0.0,,,,,,,,,
s064,100,10.1594,clgbt,clgbt,2,true,,1058.8443121074251,9.541971437142838,1.3155,14.4,0.9433,3170,2514,1058.844,"[9.1409, 9.542]","[9.0548, 9.7493]",9.749270883187316,0.009025998599349924,optimized
s064,90,9.1435,clgbt,clgbt,2,true,,1066.0241895185363,9.143452677225191,1.3244,13.5,0.8803,5985,4583,1066.024,"[8.9745, 9.1435]","[8.9666, 9.043]",9.042995478800314,4.877480819232005e-8,optimized
s064,80,8.1275,clgbt,clgbt,2,true,,1725.6147479572435,5.910169179478233,2.1438,26.6,1.7354,33445,22530,1725.615,"[5.7783, 5.9102]","[5.7835, 5.9152]",5.915220623505469,1.000090628366923e-9,seed_only
s064,70,7.1116,clgbt,clgbt,2,true,,1725.6147479572435,5.910169179478233,2.1438,27.6,1.8011,33445,22530,1725.615,"[5.7783, 5.9102]","[5.7835, 5.9152]",5.915220623505469,1.000090628366923e-9,seed_only
s064,60,6.0956,clgbt,clgbt,2,true,,1725.6147479572435,5.910169179478233,2.1438,26.6,1.7342,33445,22530,1725.615,"[5.7783, 5.9102]","[5.7835, 5.9152]",5.915220623505469,1.000090628366923e-9,seed_only
s064,50,5.0797,clgbt,clgbt,2,true,,2071.7149922159765,4.925830254657403,2.5738,599.3,39.1297,183668,103345,2071.715,"[4.1053, 4.9258]","[4.1065, 4.927]",4.9270368492891725,1.0000906144891353e-9,seed_only
s064,40,4.0638,clgbt,clgbt,2,false,no_solution,null,null,,760.2,49.6404,200000,111484,null,[],[],null,,
s064,30,3.0478,clgbt,clgbt,2,false,not_run_after_fail,,,,0.0,,,,,,,,,
s066,100,5.3454,clgbt,clgbt,2,true,,1038.0014660107345,4.936406318242825,1.6751,12.9,0.8445,32,26,1038.001,"[4.6357, 4.9364]","[4.636, 4.9367]",4.936730327287183,1.0000906214280292e-9,seed_only
s066,90,4.8109,clgbt,clgbt,2,false,recovery_failed,1549.7419653851375,2.416868603323652,,16.8,1.1047,7712,5021,1549.742,"[1.3248, 2.4169]","[2.2005, 3.364]",3.3640435149773333,-0.000653129866029039,recovery_failed
s066,80,4.2763,clgbt,clgbt,2,false,not_run_after_fail,,,,0.0,,,,,,,,,
s066,70,3.7418,clgbt,clgbt,2,false,not_run_after_fail,,,,0.0,,,,,,,,,
s066,60,3.2073,clgbt,clgbt,2,false,not_run_after_fail,,,,0.0,,,,,,,,,
s066,50,2.6727,clgbt,clgbt,2,false,not_run_after_fail,,,,0.0,,,,,,,,,
s066,40,2.1382,clgbt,clgbt,2,false,not_run_after_fail,,,,0.0,,,,,,,,,
s066,30,1.6036,clgbt,clgbt,2,false,not_run_after_fail,,,,0.0,,,,,,,,,
s067,100,9.1966,clgbt,clgbt,2,true,,1172.5176143609422,8.307477344899327,1.3298,13.1,0.8408,193,153,1172.518,"[7.7327, 8.3075]","[8.1599, 8.4934]",8.49335894011479,0.0017328478892099548,optimized
s067,90,8.2770,clgbt,clgbt,2,true,,1023.2418094550026,6.943373306851352,1.1605,13.6,0.8682,1495,1200,1023.242,"[6.9044, 6.9434]","[7.4936, 7.8623]",7.8623249698201905,6.275917802302938e-5,optimized
s067,80,7.3573,clgbt,clgbt,2,true,,1391.450336534119,6.528157770759473,1.5781,14.9,0.9564,5113,3866,1391.45,"[6.3873, 6.5282]","[6.5378, 7.0981]",7.0981025788977155,9.8793279008913e-9,optimized
s067,70,6.4376,clgbt,clgbt,2,true,,1111.4609039655295,5.1551614198064675,1.2605,87.2,5.5767,79340,48003,1111.461,"[3.8866, 5.1552]","[3.9038, 5.1956]",5.195619567643459,2.473236128223977e-7,optimized
s067,60,5.5180,clgbt,clgbt,2,true,,1110.8732155689863,5.192818021949169,1.2599,84.0,5.3773,79340,48003,1110.873,"[3.9138, 5.1928]","[3.9038, 5.1956]",5.195619567643459,7.4077949211597e-5,optimized
s067,50,4.5983,clgbt,clgbt,2,false,no_solution,null,null,,729.2,46.6597,200000,112164,null,[],[],null,,
s067,40,3.6786,clgbt,clgbt,2,false,not_run_after_fail,,,,0.0,,,,,,,,,
s067,30,2.7590,clgbt,clgbt,2,false,not_run_after_fail,,,,0.0,,,,,,,,,
s068,100,4.9268,clgbt,clgbt,2,true,,945.1395835344342,3.677542345557356,1.3865,13.7,0.8973,32,27,945.14,"[3.9274, 3.6775]","[3.9665, 4.3134]",4.313376288385284,4.346284526945965e-6,optimized
s068,90,4.4341,clgbt,clgbt,2,true,,1026.7246909992941,3.910861054096695,1.5062,13.0,0.8522,32,27,1026.725,"[3.9105, 3.9109]","[3.9665, 4.3134]",4.313376288385284,0.0006824320647003355,optimized
s068,80,3.9414,clgbt,clgbt,2,true,,1370.8081958398275,1.4618972366894811,2.0110,15.9,1.0437,2994,1908,1370.808,"[1.2941, 1.4619]","[1.2212, 3.001]",3.001035470557843,3.777455941274266e-7,optimized
s068,70,3.4488,clgbt,clgbt,2,true,,1349.6749586635742,2.063905595216856,1.9800,16.5,1.0818,2994,1908,1349.675,"[1.2949, 2.0639]","[1.2212, 3.001]",3.001035470557843,1.9652277201409607e-9,optimized
s068,60,2.9561,clgbt,clgbt,2,false,recovery_failed,1372.4625202747293,2.7858570155611444,,14.1,0.9225,3053,1947,1372.463,"[0.4529, 2.7859]","[0.6087, 1.25]",1.2499603202116878,-0.005202181434806177,recovery_failed
s068,50,2.4634,clgbt,clgbt,2,false,not_run_after_fail,,,,0.0,,,,,,,,,
s068,40,1.9707,clgbt,clgbt,2,false,not_run_after_fail,,,,0.0,,,,,,,,,
s068,30,1.4780,clgbt,clgbt,2,false,not_run_after_fail,,,,0.0,,,,,,,,,
s069,100,5.0933,clgbt,clgbt,2,true,,1345.0458909057627,2.2426129423705867,1.5604,13.5,0.8697,133,102,1345.046,"[1.161, 2.2426]","[1.2837, 2.2211]",2.2210781660837404,2.31655577021192e-5,optimized
s069,90,4.5840,clgbt,clgbt,2,true,,1345.0678400815598,2.236853301521855,1.5605,13.4,0.8627,133,102,1345.068,"[1.1547, 2.2369]","[1.2837, 2.2211]",2.2210781660837404,3.2716504221815684e-5,optimized
s069,80,4.0746,clgbt,clgbt,2,true,,1344.8796179178976,2.224519170104263,1.5603,13.8,0.8854,133,102,1344.88,"[1.1443, 2.2245]","[1.2837, 2.2211]",2.2210781660837404,2.2741231381705196e-5,optimized
s069,70,3.5653,clgbt,clgbt,2,true,,1344.720313188074,2.2072172683501896,1.5601,13.8,0.8891,133,102,1344.72,"[1.1285, 2.2072]","[1.2837, 2.2211]",2.2210781660837404,2.218502384497556e-5,optimized
s069,60,3.0560,clgbt,clgbt,2,true,,1344.5173677244914,2.176710498883527,1.5598,13.7,0.8790,133,102,1344.517,"[1.1008, 2.1767]","[1.2837, 2.2211]",2.2210781660837404,3.328308653507972e-5,optimized
s069,50,2.5467,clgbt,clgbt,2,true,,1333.5339176545463,1.8436864050538424,1.5471,14.1,0.9064,133,102,1333.534,"[1.0063, 1.8437]","[1.2837, 2.2211]",2.2210781660837404,4.513592537919164e-9,optimized
s069,40,2.0373,clgbt,clgbt,2,true,,1207.340919118536,0.8279642266293803,1.4007,290.9,18.7009,147718,81043,1207.341,"[0.6839, 0.828]","[0.9534, 1.9367]",1.9366801354467214,0.0001654954404613114,optimized
s069,30,1.5280,clgbt,clgbt,2,false,no_solution,null,null,,659.0,42.3668,200000,105281,null,[],[],null,,
s070,100,9.7873,clgbt,clgbt,2,true,,1188.1343501283168,7.8508005760052155,1.2444,15.9,1.0202,6410,4628,1188.134,"[7.9733, 7.8508]","[7.7513, 7.9927]",7.992712572117123,3.636504461861477e-6,optimized
s070,90,8.8086,clgbt,clgbt,2,true,,1277.9572821616675,8.235591276550203,1.3385,14.8,0.9518,6410,4628,1277.957,"[7.8358, 8.2356]","[7.7513, 7.9927]",7.992712572117123,2.6672945317718355e-8,optimized
s070,80,7.8299,clgbt,clgbt,2,false,no_solution,null,null,,742.1,47.6076,200000,110381,null,[],[],null,,
s070,70,6.8511,clgbt,clgbt,2,false,not_run_after_fail,,,,0.0,,,,,,,,,
s070,60,5.8724,clgbt,clgbt,2,false,not_run_after_fail,,,,0.0,,,,,,,,,
s070,50,4.8937,clgbt,clgbt,2,false,not_run_after_fail,,,,0.0,,,,,,,,,
s070,40,3.9149,clgbt,clgbt,2,false,not_run_after_fail,,,,0.0,,,,,,,,,
s070,30,2.9362,clgbt,clgbt,2,false,not_run_after_fail,,,,0.0,,,,,,,,,
s073,100,5.1636,clgbt,clgbt,2,true,,1475.8625002790395,2.674267606898562,2.2424,16.7,1.0953,7712,4563,1475.863,"[0.6528, 2.6743]","[1.0312, 2.1804]",2.1804463609399427,8.072011083853914e-9,optimized
s073,90,4.6472,clgbt,clgbt,2,true,,1515.3668447231314,1.1701596283763873,2.3024,16.6,1.0899,7712,4563,1515.367,"[0.6541, 1.1702]","[1.0312, 2.1804]",2.1804463609399427,0.0013453832498058135,optimized
s073,80,4.1309,clgbt,clgbt,2,true,,1516.0396229678245,1.1751789355767828,2.3035,16.6,1.0889,7712,4563,1516.04,"[0.6553, 1.1752]","[1.0312, 2.1804]",2.1804463609399427,0.0013577921842627162,optimized
s073,70,3.6145,clgbt,clgbt,2,true,,1514.344574907636,1.3513706070035556,2.3009,16.7,1.0945,7712,4563,1514.345,"[0.654, 1.3514]","[1.0312, 2.1804]",2.1804463609399427,1.0509242885647918e-9,optimized
s073,60,3.0981,clgbt,clgbt,2,true,,1440.1042509460435,2.9544565750667893,2.1881,17.0,1.1186,7712,4563,1440.104,"[0.6477, 2.9545]","[1.0312, 2.1804]",2.1804463609399427,1.2611906412478974e-5,optimized
s073,50,2.5818,clgbt,clgbt,2,true,,1379.8843968449528,2.0385869265129397,2.0966,17.1,1.1223,7712,4563,1379.884,"[0.6724, 2.0386]","[1.0312, 2.1804]",2.1804463609399427,0.0010495408038704544,optimized
s073,40,2.0654,clgbt,clgbt,2,false,no_solution,null,null,,426.6,28.0166,200000,87775,null,[],[],null,,
s073,30,1.5491,clgbt,clgbt,2,false,not_run_after_fail,,,,0.0,,,,,,,,,
s075,100,5.6962,clgbt,clgbt,2,true,,1034.9386599034299,5.2778343856963685,1.5815,13.9,0.8939,29,20,1034.939,"[5.1042, 5.2778]","[5.1401, 5.4354]",5.4353749976718415,0.0017923962954633672,optimized
s075,90,5.1266,clgbt,clgbt,2,true,,1423.9818825456352,3.507852554539153,2.1760,14.3,0.9235,1390,900,1423.982,"[0.8186, 3.5079]","[1.1927, 3.7995]",3.7995302827100486,1.4202507687272048e-8,optimized
s075,80,4.5570,clgbt,clgbt,2,false,recovery_failed,1385.0066419180332,4.414754926192141,,13.6,0.8791,1390,900,1385.007,"[0.8115, 4.4148]","[1.1927, 3.7995]",3.7995302827100486,-0.0008541287221401662,recovery_failed
s075,70,3.9874,clgbt,clgbt,2,false,not_run_after_fail,,,,0.0,,,,,,,,,
s075,60,3.4177,clgbt,clgbt,2,false,not_run_after_fail,,,,0.0,,,,,,,,,
s075,50,2.8481,clgbt,clgbt,2,false,not_run_after_fail,,,,0.0,,,,,,,,,
s075,40,2.2785,clgbt,clgbt,2,false,not_run_after_fail,,,,0.0,,,,,,,,,
s075,30,1.7089,clgbt,clgbt,2,false,not_run_after_fail,,,,0.0,,,,,,,,,
s079,100,8.3152,clgbt,clgbt,2,true,,1081.2063559841224,6.557836515741076,1.1525,14.5,0.9268,3160,2447,1081.206,"[6.4132, 6.5578]","[6.2459, 7.5669]",7.566947037420803,1.758558937581256e-6,optimized
s079,90,7.4837,clgbt,clgbt,2,true,,1326.8014183948003,5.321242572665043,1.4143,14.0,0.8984,4349,3312,1326.801,"[5.6007, 5.3212]","[5.6305, 6.5627]",6.5627050473819075,7.608479336593154e-5,optimized
s079,80,6.6521,clgbt,clgbt,2,true,,1168.7541399209242,6.630651571949573,1.2458,14.4,0.9228,4349,3312,1168.754,"[6.7113, 6.6307]","[5.6305, 6.5627]",6.5627050473819075,4.291141869616766e-8,optimized
s079,70,5.8206,clgbt,clgbt,2,true,,1251.7868736563819,5.569084671352211,1.3344,23.5,1.5045,29495,21201,1251.787,"[5.5686, 5.5691]","[5.5693, 5.7457]",5.745701138530272,0.017103977296305157,optimized
s079,60,4.9891,clgbt,clgbt,2,false,no_solution,null,null,,997.4,63.8518,200000,130667,null,[],[],null,,
s079,50,4.1576,clgbt,clgbt,2,false,not_run_after_fail,,,,0.0,,,,,,,,,
s079,40,3.3261,clgbt,clgbt,2,false,not_run_after_fail,,,,0.0,,,,,,,,,
s079,30,2.4946,clgbt,clgbt,2,false,not_run_after_fail,,,,0.0,,,,,,,,,
s080,100,9.1105,clgbt,clgbt,2,true,,1146.0741089576682,8.200576429280236,1.2732,13.3,0.8309,11,12,1146.074,"[7.9871, 8.2006]","[7.9857, 8.1436]",8.143607711387252,2.5948913993933953e-7,optimized
s080,90,8.1994,clgbt,clgbt,2,true,,1144.3985343798286,8.105310206407278,1.2714,13.4,0.8362,11,12,1144.399,"[7.9444, 8.1053]","[7.9857, 8.1436]",8.143607711387252,6.882469136999803e-7,optimized
s080,80,7.2884,clgbt,clgbt,2,true,,1628.2180313873005,4.908355999856411,1.8089,14.8,0.9295,5506,4839,1628.218,"[4.7681, 4.9084]","[4.8922, 5.8325]",5.8324736086536,4.855281459520411e-8,optimized
s080,70,6.3773,clgbt,clgbt,2,true,,1629.7056350211515,4.943186812680428,1.8105,14.8,0.9288,5506,4839,1629.706,"[4.7897, 4.9432]","[4.8922, 5.8325]",5.8324736086536,4.579069802154723e-8,optimized
s080,60,5.4663,clgbt,clgbt,2,true,,1693.086616092478,4.549756912700061,1.8809,54.5,3.4103,53332,41271,1693.087,"[4.4948, 4.5498]","[4.3264, 4.9301]",4.930136523648172,0.003534165047040287,optimized
s080,50,4.5552,clgbt,clgbt,2,false,no_solution,null,null,,1183.1,74.0733,200000,142668,null,[],[],null,,
s080,40,3.6442,clgbt,clgbt,2,false,not_run_after_fail,,,,0.0,,,,,,,,,
s080,30,2.7331,clgbt,clgbt,2,false,not_run_after_fail,,,,0.0,,,,,,,,,
s081,100,5.2657,clgbt,clgbt,2,true,,1075.895309085129,4.978179328280758,1.3391,13.1,0.8541,5985,4567,1075.895,"[4.8572, 4.9782]","[4.8572, 4.9782]",4.978179328280758,0.011371438880484893,seed_only
s081,90,4.7391,clgbt,clgbt,2,true,,2007.849727731337,4.446726507559934,2.4990,14.3,0.9303,9507,7112,2007.85,"[3.8457, 4.4467]","[3.8533, 4.4534]",4.453438858723281,1.0000906526530517e-9,seed_only
s081,80,4.2125,clgbt,clgbt,2,true,,1932.7020766764936,3.4558482525223635,2.4055,16.1,1.0482,15365,11188,1932.702,"[1.3816, 3.4558]","[1.9246, 3.9357]",3.935745513168568,1.0000906075502414e-9,seed_only
s081,70,3.6860,clgbt,clgbt,2,false,recovery_failed,1490.5314509267312,1.4852541341155114,,37.6,2.4482,43504,29677,1490.531,"[1.3089, 1.4853]","[1.7001, 3.6295]",3.6295010839105055,-0.00027783255470215096,recovery_failed
s081,60,3.1594,clgbt,clgbt,2,false,not_run_after_fail,,,,0.0,,,,,,,,,
s081,50,2.6328,clgbt,clgbt,2,false,not_run_after_fail,,,,0.0,,,,,,,,,
s081,40,2.1063,clgbt,clgbt,2,false,not_run_after_fail,,,,0.0,,,,,,,,,
s081,30,1.5797,clgbt,clgbt,2,false,not_run_after_fail,,,,0.0,,,,,,,,,
s082,100,5.1178,clgbt,clgbt,2,true,,1148.288533772767,4.213913108924143,1.4644,12.9,0.8294,91,71,1148.289,"[4.0656, 4.2139]","[4.0668, 4.2156]",4.215628013841367,1.0000906248974761e-9,seed_only
s082,90,4.6060,clgbt,clgbt,2,true,,1148.288533772767,4.213913108924143,1.4644,12.9,0.8294,91,71,1148.289,"[4.0656, 4.2139]","[4.0668, 4.2156]",4.215628013841367,1.0000906248974761e-9,seed_only
s082,80,4.0943,clgbt,clgbt,2,true,,1181.3379212340471,3.8945856931638305,1.5065,13.0,0.8325,1645,1262,1181.338,"[3.2894, 3.8946]","[3.5082, 4.0863]",4.086255054513691,1.0000906248974761e-9,seed_only
s082,70,3.5825,clgbt,clgbt,2,false,recovery_failed,1276.7196078602612,0.9232794707018833,,43.6,2.7963,51195,33175,1276.72,"[0.8039, 0.9233]","[1.1113, 2.3678]",2.36783533408623,-0.0022936617330700584,recovery_failed
s082,60,3.0707,clgbt,clgbt,2,false,not_run_after_fail,,,,0.0,,,,,,,,,
s082,50,2.5589,clgbt,clgbt,2,false,not_run_after_fail,,,,0.0,,,,,,,,,
s082,40,2.0471,clgbt,clgbt,2,false,not_run_after_fail,,,,0.0,,,,,,,,,
s082,30,1.5353,clgbt,clgbt,2,false,not_run_after_fail,,,,0.0,,,,,,,,,
s084,100,6.6722,clgbt,clgbt,2,true,,1033.573756301828,3.8092699004938413,1.6935,14.1,0.9293,32,27,1033.574,"[3.6875, 3.8093]","[3.772, 4.1461]",4.146114533359991,2.5316746199433027e-9,optimized
s084,90,6.0050,clgbt,clgbt,2,true,,1034.7457178241564,3.563811543505066,1.6954,13.8,0.9098,32,27,1034.746,"[3.4143, 3.5638]","[3.772, 4.1461]",4.146114533359991,9.359815353326972e-11,optimized
s084,80,5.3378,clgbt,clgbt,2,true,,1034.7136700026338,3.571993735687126,1.6954,14.3,0.9435,32,27,1034.714,"[3.4242, 3.572]","[3.772, 4.1461]",4.146114533359991,1.5912347134383609e-10,optimized
s084,70,4.6705,clgbt,clgbt,2,true,,1031.993107830057,3.7107368884747003,1.6909,14.9,0.9778,32,27,1031.993,"[3.6184, 3.7107]","[3.772, 4.1461]",4.146114533359991,0.0003071678197444916,optimized
s084,60,4.0033,clgbt,clgbt,2,true,,1059.477112147691,2.5872850730491215,1.7359,13.5,0.8908,4429,3344,1059.477,"[1.8335, 2.5873]","[2.3378, 3.1063]",3.106333430820421,1.00009063183637e-9,seed_only
s084,50,3.3361,clgbt,clgbt,2,true,,1059.477112147691,2.5872850730491215,1.7359,13.5,0.8878,4429,3344,1059.477,"[1.8335, 2.5873]","[2.3378, 3.1063]",3.106333430820421,1.00009063183637e-9,seed_only
s084,40,2.6689,clgbt,clgbt,2,false,recovery_failed,1414.2115740620463,1.4020169719608102,,14.7,0.9667,7712,5558,1414.212,"[0.9511, 1.402]","[1.57, 2.5523]",2.552291443867543,-0.006961267212364612,recovery_failed
s084,30,2.0017,clgbt,clgbt,2,false,not_run_after_fail,,,,0.0,,,,,,,,,
