scenario_id,pct,threshold,method,algorithm,num_agents,success,fail_reason,primary_length,primary_unc,length_ratio,wall_s,wall_ratio,astar_iterations,continuous_primary_length,continuous_uncertainties,discrete_uncertainties,primary_disc_unc
s001,100,10.7302,discrete_only,discrete_only,2,true,,854.2015064666965,6.12097006648124,1.0886,16.5,1.0815,250,854.202,"[6.272, 6.121]","[6.272, 6.121]",6.12097006648124
s001,90,9.6572,discrete_only,discrete_only,2,true,,854.2015064666965,6.12097006648124,1.0886,16.5,1.0831,250,854.202,"[6.272, 6.121]","[6.272, 6.121]",6.12097006648124
s001,80,8.5842,discrete_only,discrete_only,2,true,,854.2015064666965,6.12097006648124,1.0886,16.3,1.0699,250,854.202,"[6.272, 6.121]","[6.272, 6.121]",6.12097006648124
s001,70,7.5112,discrete_only,discrete_only,2,true,,854.2015064666965,6.12097006648124,1.0886,16.4,1.0706,250,854.202,"[6.272, 6.121]","[6.272, 6.121]",6.12097006648124
s001,60,6.4381,discrete_only,discrete_only,2,true,,854.2015064666965,6.12097006648124,1.0886,16.3,1.0665,250,854.202,"[6.272, 6.121]","[6.272, 6.121]",6.12097006648124
s001,50,5.3651,discrete_only,discrete_only,2,true,,854.2015064666965,1.6088672545210194,1.0886,16.4,1.0758,1342,854.202,"[1.137, 1.6089]","[1.137, 1.6089]",1.6088672545210194
s001,40,4.2921,discrete_only,discrete_only,2,true,,854.2015064666965,1.6088672545210194,1.0886,16.4,1.0767,1342,854.202,"[1.137, 1.6089]","[1.137, 1.6089]",1.6088672545210194
s001,30,3.2191,discrete_only,discrete_only,2,true,,854.2015064666965,1.6088672545210194,1.0886,16.5,1.0810,1342,854.202,"[1.137, 1.6089]","[1.137, 1.6089]",1.6088672545210194
s002,100,6.7390,discrete_only,discrete_only,2,true,,704.2015064666964,5.768066820073987,1.1659,16.3,1.0691,28,704.202,"[1.0589, 5.7681]","[1.0589, 5.7681]",5.768066820073987
s002,90,6.0651,discrete_only,discrete_only,2,true,,704.2015064666964,5.768066820073987,1.1659,16.2,1.0595,28,704.202,"[1.0589, 5.7681]","[1.0589, 5.7681]",5.768066820073987
s002,80,5.3912,discrete_only,discrete_only,2,true,,685.86945953166,3.570710498915274,1.1356,16.2,1.0581,82,685.869,"[3.016, 3.5707]","[3.016, 3.5707]",3.570710498915274
s002,70,4.7173,discrete_only,discrete_only,2,true,,685.86945953166,3.570710498915274,1.1356,16.2,1.0580,82,685.869,"[3.016, 3.5707]","[3.016, 3.5707]",3.570710498915274
s002,60,4.0434,discrete_only,discrete_only,2,true,,685.86945953166,3.570710498915274,1.1356,16.3,1.0635,82,685.869,"[3.016, 3.5707]","[3.016, 3.5707]",3.570710498915274
s002,50,3.3695,discrete_only,discrete_only,2,true,,834.3413642071903,1.4914250281961487,1.3814,16.4,1.0701,850,834.341,"[1.0539, 1.4914]","[1.0539, 1.4914]",1.4914250281961487
s002,40,2.6956,discrete_only,discrete_only,2,true,,834.3413642071903,1.4914250281961487,1.3814,16.3,1.0669,850,834.341,"[1.0539, 1.4914]","[1.0539, 1.4914]",1.4914250281961487
s002,30,2.0217,discrete_only,discrete_only,2,true,,834.3413642071903,1.4914250281961487,1.3814,16.3,1.0655,850,834.341,"[1.0539, 1.4914]","[1.0539, 1.4914]",1.4914250281961487
s003,100,9.9127,discrete_only,discrete_only,2,true,,685.86945953166,5.395169688029123,1.1427,16.3,1.0739,175,685.869,"[5.8434, 5.3952]","[5.8434, 5.3952]",5.395169688029123
s003,90,8.9214,discrete_only,discrete_only,2,true,,685.86945953166,5.395169688029123,1.1427,16.4,1.0821,175,685.869,"[5.8434, 5.3952]","[5.8434, 5.3952]",5.395169688029123
s003,80,7.9302,discrete_only,discrete_only,2,true,,685.86945953166,5.395169688029123,1.1427,16.3,1.0757,175,685.869,"[5.8434, 5.3952]","[5.8434, 5.3952]",5.395169688029123
s003,70,6.9389,discrete_only,discrete_only,2,true,,685.86945953166,5.395169688029123,1.1427,16.3,1.0749,175,685.869,"[5.8434, 5.3952]","[5.8434, 5.3952]",5.395169688029123
s003,60,5.9476,discrete_only,discrete_only,2,true,,685.86945953166,5.395169688029123,1.1427,16.3,1.0744,175,685.869,"[5.8434, 5.3952]","[5.8434, 5.3952]",5.395169688029123
s003,50,4.9564,discrete_only,discrete_only,2,true,,834.3413642071902,4.162581711735352,1.3901,16.3,1.0758,1364,834.341,"[3.9291, 4.1626]","[3.9291, 4.1626]",4.162581711735352
s003,40,3.9651,discrete_only,discrete_only,2,true,,834.3413642071902,3.548378676127458,1.3901,16.3,1.0781,1493,834.341,"[3.3318, 3.5484]","[3.3318, 3.5484]",3.548378676127458
s003,30,2.9738,discrete_only,discrete_only,2,true,,834.3413642071902,1.2481977616605673,1.3901,16.3,1.0765,1546,834.341,"[0.8817, 1.2482]","[0.8817, 1.2482]",1.2481977616605673
s004,100,5.3423,discrete_only,discrete_only,2,true,,1004.7355331663507,4.059111528191217,1.2556,16.7,1.0908,1290,1004.736,"[1.4723, 4.0591]","[1.4723, 4.0591]",4.059111528191217
s004,90,4.8080,discrete_only,discrete_only,2,true,,1004.7355331663507,4.059111528191217,1.2556,16.5,1.0799,1290,1004.736,"[1.4723, 4.0591]","[1.4723, 4.0591]",4.059111528191217
s004,80,4.2738,discrete_only,discrete_only,2,true,,1004.7355331663507,4.059111528191217,1.2556,16.5,1.0786,1290,1004.736,"[1.4723, 4.0591]","[1.4723, 4.0591]",4.059111528191217
s004,70,3.7396,discrete_only,discrete_only,2,true,,1004.7355331663507,3.688997627922317,1.2556,16.5,1.0817,1912,1004.736,"[3.2103, 3.689]","[3.2103, 3.689]",3.688997627922317
s004,60,3.2054,discrete_only,discrete_only,2,true,,1123.507252093527,2.226833808644612,1.4040,17.6,1.1519,18754,1123.507,"[1.5741, 2.2268]","[1.5741, 2.2268]",2.226833808644612
s004,50,2.6711,discrete_only,discrete_only,2,true,,1123.507252093527,2.226833808644612,1.4040,17.6,1.1531,18754,1123.507,"[1.5741, 2.2268]","[1.5741, 2.2268]",2.226833808644612
s004,40,2.1369,discrete_only,discrete_only,2,true,,1377.606753739769,2.082543174664265,1.7216,32.6,2.1315,270566,1377.607,"[1.472, 2.0825]","[1.472, 2.0825]",2.082543174664265
s004,30,1.6027,discrete_only,discrete_only,2,false,unc_violated,1377.606753739769,2.082543173621458,,88.3,5.7724,1000000,1377.607,"[1.472, 2.0825]","[1.472, 2.0825]",2.082543173621458
s005,100,11.3555,discrete_only,discrete_only,2,true,,1004.2015064666963,4.017256140338356,1.0964,16.6,1.0807,20,1004.202,"[2.1601, 4.0173]","[2.1601, 4.0173]",4.017256140338356
s005,90,10.2199,discrete_only,discrete_only,2,true,,1004.2015064666963,4.017256140338356,1.0964,16.5,1.0758,20,1004.202,"[2.1601, 4.0173]","[2.1601, 4.0173]",4.017256140338356
s005,80,9.0844,discrete_only,discrete_only,2,true,,1004.2015064666963,4.017256140338356,1.0964,16.5,1.0777,20,1004.202,"[2.1601, 4.0173]","[2.1601, 4.0173]",4.017256140338356
s005,70,7.9488,discrete_only,discrete_only,2,true,,1004.2015064666963,4.017256140338356,1.0964,16.6,1.0798,20,1004.202,"[2.1601, 4.0173]","[2.1601, 4.0173]",4.017256140338356
s005,60,6.8133,discrete_only,discrete_only,2,true,,1004.2015064666963,4.017256140338356,1.0964,16.5,1.0778,20,1004.202,"[2.1601, 4.0173]","[2.1601, 4.0173]",4.017256140338356
s005,50,5.6777,discrete_only,discrete_only,2,true,,1004.2015064666963,4.017256140338356,1.0964,16.5,1.0754,20,1004.202,"[2.1601, 4.0173]","[2.1601, 4.0173]",4.017256140338356
s005,40,4.5422,discrete_only,discrete_only,2,true,,1004.2015064666963,4.017256140338356,1.0964,16.4,1.0682,20,1004.202,"[2.1601, 4.0173]","[2.1601, 4.0173]",4.017256140338356
s005,30,3.4066,discrete_only,discrete_only,2,true,,1118.518103482096,3.0549845925930206,1.2212,17.1,1.1160,8886,1118.518,"[2.1598, 3.055]","[2.1598, 3.055]",3.0549845925930206
s006,100,9.9773,discrete_only,discrete_only,2,true,,704.2015064666964,3.961548860324093,1.1689,16.5,1.0809,74,704.202,"[2.6467, 3.9615]","[2.6467, 3.9615]",3.961548860324093
s006,90,8.9796,discrete_only,discrete_only,2,true,,704.2015064666964,3.961548860324093,1.1689,16.4,1.0781,74,704.202,"[2.6467, 3.9615]","[2.6467, 3.9615]",3.961548860324093
s006,80,7.9818,discrete_only,discrete_only,2,true,,704.2015064666964,3.961548860324093,1.1689,16.4,1.0787,74,704.202,"[2.6467, 3.9615]","[2.6467, 3.9615]",3.961548860324093
s006,70,6.9841,discrete_only,discrete_only,2,true,,704.2015064666964,3.961548860324093,1.1689,16.5,1.0815,74,704.202,"[2.6467, 3.9615]","[2.6467, 3.9615]",3.961548860324093
s006,60,5.9864,discrete_only,discrete_only,2,true,,704.2015064666964,3.961548860324093,1.1689,16.3,1.0717,74,704.202,"[2.6467, 3.9615]","[2.6467, 3.9615]",3.961548860324093
s006,50,4.9886,discrete_only,discrete_only,2,true,,704.2015064666964,3.961548860324093,1.1689,16.3,1.0698,74,704.202,"[2.6467, 3.9615]","[2.6467, 3.9615]",3.961548860324093
s006,40,3.9909,discrete_only,discrete_only,2,true,,704.2015064666964,3.961548860324093,1.1689,16.2,1.0647,74,704.202,"[2.6467, 3.9615]","[2.6467, 3.9615]",3.961548860324093
s006,30,2.9932,discrete_only,discrete_only,2,false,unc_violated,1203.3793706124393,3.9603186369487386,,83.7,5.4949,1000000,1203.379,"[3.4976, 3.9603]","[3.4976, 3.9603]",3.9603186369487386
s007,100,7.1391,discrete_only,discrete_only,2,true,,835.9515349558134,5.3175060521709945,1.0691,16.5,1.0731,174,835.952,"[3.598, 5.3175]","[3.598, 5.3175]",5.3175060521709945
s007,90,6.4252,discrete_only,discrete_only,2,true,,835.9515349558134,5.3175060521709945,1.0691,16.4,1.0630,174,835.952,"[3.598, 5.3175]","[3.598, 5.3175]",5.3175060521709945
s007,80,5.7113,discrete_only,discrete_only,2,true,,835.9515349558134,5.3175060521709945,1.0691,16.3,1.0564,174,835.952,"[3.598, 5.3175]","[3.598, 5.3175]",5.3175060521709945
s007,70,4.9974,discrete_only,discrete_only,2,true,,854.2015064666965,4.369896454280384,1.0924,16.3,1.0572,198,854.202,"[3.38, 4.3699]","[3.38, 4.3699]",4.369896454280384
s007,60,4.2835,discrete_only,discrete_only,2,true,,969.3611862626665,3.589755144427542,1.2397,17.0,1.1002,7294,969.361,"[3.3093, 3.5898]","[3.3093, 3.5898]",3.589755144427542
s007,50,3.5695,discrete_only,discrete_only,2,false,unc_violated,1203.8476395427274,3.589747435925803,,82.2,5.3341,1000000,1203.848,"[3.3093, 3.5897]","[3.3093, 3.5897]",3.589747435925803
s007,40,2.8556,discrete_only,discrete_only,2,false,not_run_after_fail,,,,0.0,,,,,,
s007,30,2.1417,discrete_only,discrete_only,2,false,not_run_after_fail,,,,0.0,,,,,,
s008,100,7.9691,discrete_only,discrete_only,2,true,,1119.3611862626667,4.620680126859332,1.1581,19.0,1.2096,23607,1119.361,"[4.4555, 4.6207]","[4.4555, 4.6207]",4.620680126859332
s008,90,7.1722,discrete_only,discrete_only,2,true,,1119.3611862626667,4.620680126859332,1.1581,18.9,1.2012,23607,1119.361,"[4.4555, 4.6207]","[4.4555, 4.6207]",4.620680126859332
s008,80,6.3753,discrete_only,discrete_only,2,true,,1119.3611862626667,4.620680126859332,1.1581,18.8,1.1952,23607,1119.361,"[4.4555, 4.6207]","[4.4555, 4.6207]",4.620680126859332
s008,70,5.5784,discrete_only,discrete_only,2,true,,1119.3611862626667,4.620680126859332,1.1581,18.8,1.1954,23607,1119.361,"[4.4555, 4.6207]","[4.4555, 4.6207]",4.620680126859332
s008,60,4.7815,discrete_only,discrete_only,2,true,,1119.3611862626667,4.620680126859332,1.1581,18.9,1.2004,23607,1119.361,"[4.4555, 4.6207]","[4.4555, 4.6207]",4.620680126859332
s008,50,3.9845,discrete_only,discrete_only,2,true,,1135.8623692497258,3.196715142138097,1.1752,19.2,1.2248,28638,1135.862,"[2.26, 3.1967]","[2.26, 3.1967]",3.196715142138097
s008,40,3.1876,discrete_only,discrete_only,2,true,,1135.8623692497258,3.1571650843440793,1.1752,20.0,1.2747,47422,1135.862,"[2.2321, 3.1572]","[2.2321, 3.1572]",3.1571650843440793
s008,30,2.3907,discrete_only,discrete_only,2,false,unc_violated,1381.9326596319565,3.15713806377966,,91.4,5.8179,1000000,1381.933,"[2.2321, 3.1571]","[2.2321, 3.1571]",3.15713806377966
s009,100,10.1238,discrete_only,discrete_only,2,true,,1154.735533166351,6.239511958425698,1.1667,17.6,1.1155,8144,1154.736,"[6.6447, 6.2395]","[6.6447, 6.2395]",6.239511958425698
s009,90,9.1114,discrete_only,discrete_only,2,true,,1154.735533166351,6.239511958425698,1.1667,17.6,1.1148,8144,1154.736,"[6.6447, 6.2395]","[6.6447, 6.2395]",6.239511958425698
s009,80,8.0991,discrete_only,discrete_only,2,true,,1154.735533166351,6.239511958425698,1.1667,17.6,1.1099,8144,1154.736,"[6.6447, 6.2395]","[6.6447, 6.2395]",6.239511958425698
s009,70,7.0867,discrete_only,discrete_only,2,true,,1154.735533166351,6.239511958425698,1.1667,17.4,1.1018,8144,1154.736,"[6.6447, 6.2395]","[6.6447, 6.2395]",6.239511958425698
s009,60,6.0743,discrete_only,discrete_only,2,true,,1119.3611862626667,5.379274131341327,1.1309,17.4,1.1027,8628,1119.361,"[5.1323, 5.3793]","[5.1323, 5.3793]",5.379274131341327
s009,50,5.0619,discrete_only,discrete_only,2,false,unc_violated,1154.735533166351,5.185604042936062,,92.9,5.8733,1000000,1154.736,"[5.0515, 5.1856]","[5.0515, 5.1856]",5.185604042936062
s009,40,4.0495,discrete_only,discrete_only,2,false,not_run_after_fail,,,,0.0,,,,,,
s009,30,3.0371,discrete_only,discrete_only,2,false,not_run_after_fail,,,,0.0,,,,,,
s010,100,7.6275,discrete_only,discrete_only,2,true,,834.3413642071902,4.213005482128301,1.3159,16.5,1.0753,512,834.341,"[3.975, 4.213]","[3.975, 4.213]",4.213005482128301
s010,90,6.8648,discrete_only,discrete_only,2,true,,834.3413642071902,4.213005482128301,1.3159,16.5,1.0744,512,834.341,"[3.975, 4.213]","[3.975, 4.213]",4.213005482128301
s010,80,6.1020,discrete_only,discrete_only,2,true,,834.3413642071902,4.213005482128301,1.3159,16.4,1.0700,512,834.341,"[3.975, 4.213]","[3.975, 4.213]",4.213005482128301
s010,70,5.3393,discrete_only,discrete_only,2,true,,834.3413642071902,4.213005482128301,1.3159,16.3,1.0633,512,834.341,"[3.975, 4.213]","[3.975, 4.213]",4.213005482128301
s010,60,4.5765,discrete_only,discrete_only,2,true,,834.3413642071902,4.213005482128301,1.3159,16.3,1.0666,512,834.341,"[3.975, 4.213]","[3.975, 4.213]",4.213005482128301
s010,50,3.8138,discrete_only,discrete_only,2,false,unc_violated,854.7355331663507,4.100918863282538,,91.5,5.9703,1000000,854.736,"[3.9751, 4.1009]","[3.9751, 4.1009]",4.100918863282538
s010,40,3.0510,discrete_only,discrete_only,2,false,not_run_after_fail,,,,0.0,,,,,,
s010,30,2.2883,discrete_only,discrete_only,2,false,not_run_after_fail,,,,0.0,,,,,,
s011,100,7.1421,discrete_only,discrete_only,2,true,,600.0,2.897631268616616,1.0000,16.3,1.0620,8,600.0,"[2.0485, 2.8976]","[2.0485, 2.8976]",2.897631268616616
s011,90,6.4279,discrete_only,discrete_only,2,true,,600.0,2.897631268616616,1.0000,16.3,1.0655,8,600.0,"[2.0485, 2.8976]","[2.0485, 2.8976]",2.897631268616616
s011,80,5.7137,discrete_only,discrete_only,2,true,,600.0,2.897631268616616,1.0000,16.1,1.0521,8,600.0,"[2.0485, 2.8976]","[2.0485, 2.8976]",2.897631268616616
s011,70,4.9995,discrete_only,discrete_only,2,true,,600.0,2.897631268616616,1.0000,16.1,1.0524,8,600.0,"[2.0485, 2.8976]","[2.0485, 2.8976]",2.897631268616616
s011,60,4.2853,discrete_only,discrete_only,2,true,,600.0,2.897631268616616,1.0000,16.2,1.0546,8,600.0,"[2.0485, 2.8976]","[2.0485, 2.8976]",2.897631268616616
s011,50,3.5711,discrete_only,discrete_only,2,true,,600.0,2.897631268616616,1.0000,16.2,1.0572,8,600.0,"[2.0485, 2.8976]","[2.0485, 2.8976]",2.897631268616616
s011,40,2.8568,discrete_only,discrete_only,2,true,,1661.3552892404666,2.819967129438765,2.7689,59.9,3.9066,678918,1661.355,"[1.9936, 2.82]","[1.9936, 2.82]",2.819967129438765
s011,30,2.1426,discrete_only,discrete_only,2,false,unc_violated,1650.5744697627867,2.819966968795559,,91.1,5.9379,1000000,1650.574,"[1.9936, 2.82]","[1.9936, 2.82]",2.819966968795559
s012,100,7.5978,discrete_only,discrete_only,2,true,,1397.3040182721882,5.1034268608262465,1.2418,52.0,3.2962,270342,1397.304,"[5.1018, 5.1034]","[5.1018, 5.1034]",5.1034268608262465
s012,90,6.8380,discrete_only,discrete_only,2,true,,1397.3040182721882,5.1034268608262465,1.2418,51.2,3.2484,270342,1397.304,"[5.1018, 5.1034]","[5.1018, 5.1034]",5.1034268608262465
s012,80,6.0783,discrete_only,discrete_only,2,true,,1397.3040182721882,5.1034268608262465,1.2418,51.4,3.2592,270342,1397.304,"[5.1018, 5.1034]","[5.1018, 5.1034]",5.1034268608262465
s012,70,5.3185,discrete_only,discrete_only,2,true,,1397.3040182721882,5.1034268608262465,1.2418,50.9,3.2249,270342,1397.304,"[5.1018, 5.1034]","[5.1018, 5.1034]",5.1034268608262465
s012,60,4.5587,discrete_only,discrete_only,2,false,unc_violated,1420.160370292587,4.939215649908033,,108.2,6.8603,1000000,1420.16,"[4.9386, 4.9392]","[4.9386, 4.9392]",4.939215649908033
s012,50,3.7989,discrete_only,discrete_only,2,false,not_run_after_fail,,,,0.0,,,,,,
s012,40,3.0391,discrete_only,discrete_only,2,false,not_run_after_fail,,,,0.0,,,,,,
s012,30,2.2793,discrete_only,discrete_only,2,false,not_run_after_fail,,,,0.0,,,,,,
s013,100,10.3001,discrete_only,discrete_only,2,true,,854.7355331663507,6.56936406825054,1.3923,16.6,1.0829,2050,854.736,"[6.4274, 6.5694]","[6.4274, 6.5694]",6.56936406825054
s013,90,9.2701,discrete_only,discrete_only,2,true,,854.7355331663507,6.56936406825054,1.3923,16.6,1.0846,2050,854.736,"[6.4274, 6.5694]","[6.4274, 6.5694]",6.56936406825054
s013,80,8.2401,discrete_only,discrete_only,2,true,,854.7355331663507,6.56936406825054,1.3923,16.7,1.0876,2050,854.736,"[6.4274, 6.5694]","[6.4274, 6.5694]",6.56936406825054
s013,70,7.2101,discrete_only,discrete_only,2,true,,854.7355331663507,6.56936406825054,1.3923,16.7,1.0886,2050,854.736,"[6.4274, 6.5694]","[6.4274, 6.5694]",6.56936406825054
s013,60,6.1801,discrete_only,discrete_only,2,true,,834.3413642071902,5.416184694113325,1.3591,16.5,1.0748,2509,834.341,"[5.0858, 5.4162]","[5.0858, 5.4162]",5.416184694113325
s013,50,5.1501,discrete_only,discrete_only,2,false,unc_violated,834.3413642071902,5.416184694113325,,87.2,5.6908,1000000,834.341,"[5.0858, 5.4162]","[5.0858, 5.4162]",5.416184694113325
s013,40,4.1200,discrete_only,discrete_only,2,false,not_run_after_fail,,,,0.0,,,,,,
s013,30,3.0900,discrete_only,discrete_only,2,false,not_run_after_fail,,,,0.0,,,,,,
s014,100,7.1314,discrete_only,discrete_only,2,true,,600.0,1.226622613672058,1.0000,16.3,1.0813,6,600.0,"[0.8665, 1.2266]","[0.8665, 1.2266]",1.226622613672058
s014,90,6.4183,discrete_only,discrete_only,2,true,,600.0,1.226622613672058,1.0000,16.3,1.0772,6,600.0,"[0.8665, 1.2266]","[0.8665, 1.2266]",1.226622613672058
s014,80,5.7051,discrete_only,discrete_only,2,true,,600.0,1.226622613672058,1.0000,16.2,1.0689,6,600.0,"[0.8665, 1.2266]","[0.8665, 1.2266]",1.226622613672058
s014,70,4.9920,discrete_only,discrete_only,2,true,,600.0,1.226622613672058,1.0000,16.1,1.0674,6,600.0,"[0.8665, 1.2266]","[0.8665, 1.2266]",1.226622613672058
s014,60,4.2789,discrete_only,discrete_only,2,true,,600.0,1.226622613672058,1.0000,16.2,1.0689,6,600.0,"[0.8665, 1.2266]","[0.8665, 1.2266]",1.226622613672058
s014,50,3.5657,discrete_only,discrete_only,2,true,,600.0,1.226622613672058,1.0000,16.1,1.0658,6,600.0,"[0.8665, 1.2266]","[0.8665, 1.2266]",1.226622613672058
s014,40,2.8526,discrete_only,discrete_only,2,true,,600.0,1.226622613672058,1.0000,16.1,1.0652,6,600.0,"[0.8665, 1.2266]","[0.8665, 1.2266]",1.226622613672058
s014,30,2.1394,discrete_only,discrete_only,2,true,,600.0,1.226622613672058,1.0000,16.1,1.0666,6,600.0,"[0.8665, 1.2266]","[0.8665, 1.2266]",1.226622613672058
s015,100,6.0115,discrete_only,discrete_only,2,true,,1119.361186262667,2.8896112423604947,1.1477,17.7,1.1380,9626,1119.361,"[2.0429, 2.8896]","[2.0429, 2.8896]",2.8896112423604947
s015,90,5.4104,discrete_only,discrete_only,2,true,,1119.361186262667,2.8896112423604947,1.1477,17.5,1.1240,9626,1119.361,"[2.0429, 2.8896]","[2.0429, 2.8896]",2.8896112423604947
s015,80,4.8092,discrete_only,discrete_only,2,true,,1119.361186262667,2.8896112423604947,1.1477,17.5,1.1258,9626,1119.361,"[2.0429, 2.8896]","[2.0429, 2.8896]",2.8896112423604947
s015,70,4.2081,discrete_only,discrete_only,2,true,,1119.361186262667,2.8896112423604947,1.1477,17.5,1.1250,9626,1119.361,"[2.0429, 2.8896]","[2.0429, 2.8896]",2.8896112423604947
s015,60,3.6069,discrete_only,discrete_only,2,true,,1119.361186262667,2.8896112423604947,1.1477,17.5,1.1196,9626,1119.361,"[2.0429, 2.8896]","[2.0429, 2.8896]",2.8896112423604947
s015,50,3.0058,discrete_only,discrete_only,2,true,,1119.361186262667,2.8896112423604947,1.1477,17.5,1.1257,9626,1119.361,"[2.0429, 2.8896]","[2.0429, 2.8896]",2.8896112423604947
s015,40,2.4046,discrete_only,discrete_only,2,false,unc_violated,1154.735533166351,2.8896112411576396,,97.5,6.2561,1000000,1154.736,"[2.0429, 2.8896]","[2.0429, 2.8896]",2.8896112411576396
s015,30,1.8035,discrete_only,discrete_only,2,false,not_run_after_fail,,,,0.0,,,,,,
s016,100,5.3298,discrete_only,discrete_only,2,true,,1270.1603702925872,4.657734739216633,1.3549,27.7,1.7519,114458,1270.16,"[3.4894, 4.6577]","[3.4894, 4.6577]",4.657734739216633
s016,90,4.7968,discrete_only,discrete_only,2,true,,1270.1603702925872,4.657734739216633,1.3549,27.7,1.7528,114458,1270.16,"[3.4894, 4.6577]","[3.4894, 4.6577]",4.657734739216633
s016,80,4.2639,discrete_only,discrete_only,2,true,,1377.5330417187706,1.035005680470892,1.4694,49.7,3.1460,484370,1377.533,"[0.7308, 1.035]","[0.7308, 1.035]",1.035005680470892
s016,70,3.7309,discrete_only,discrete_only,2,true,,1377.5330417187706,1.035005680470892,1.4694,49.4,3.1282,484370,1377.533,"[0.7308, 1.035]","[0.7308, 1.035]",1.035005680470892
s016,60,3.1979,discrete_only,discrete_only,2,true,,1377.5330417187706,1.035005680470892,1.4694,49.4,3.1301,484370,1377.533,"[0.7308, 1.035]","[0.7308, 1.035]",1.035005680470892
s016,50,2.6649,discrete_only,discrete_only,2,true,,1377.5330417187706,1.035005680470892,1.4694,50.2,3.1816,484370,1377.533,"[0.7308, 1.035]","[0.7308, 1.035]",1.035005680470892
s016,40,2.1319,discrete_only,discrete_only,2,true,,1377.5330417187706,1.035005680470892,1.4694,49.2,3.1167,484370,1377.533,"[0.7308, 1.035]","[0.7308, 1.035]",1.035005680470892
s016,30,1.5989,discrete_only,discrete_only,2,true,,1377.5330417187706,1.035005680470892,1.4694,48.7,3.0816,484370,1377.533,"[0.7308, 1.035]","[0.7308, 1.035]",1.035005680470892
s017,100,8.9550,discrete_only,discrete_only,2,true,,1093.079623408311,6.018215361371381,1.1972,17.8,1.1351,13222,1093.08,"[5.767, 6.0182]","[5.767, 6.0182]",6.018215361371381
s017,90,8.0595,discrete_only,discrete_only,2,true,,1093.079623408311,6.018215361371381,1.1972,17.6,1.1265,13222,1093.08,"[5.767, 6.0182]","[5.767, 6.0182]",6.018215361371381
s017,80,7.1640,discrete_only,discrete_only,2,true,,1093.079623408311,6.018215361371381,1.1972,17.7,1.1276,13222,1093.08,"[5.767, 6.0182]","[5.767, 6.0182]",6.018215361371381
s017,70,6.2685,discrete_only,discrete_only,2,true,,1093.079623408311,6.018215361371381,1.1972,17.6,1.1249,13222,1093.08,"[5.767, 6.0182]","[5.767, 6.0182]",6.018215361371381
s017,60,5.3730,discrete_only,discrete_only,2,true,,1452.559790205681,3.984008188625766,1.5909,49.6,3.1679,546767,1452.56,"[3.3888, 3.984]","[3.3888, 3.984]",3.984008188625766
s017,50,4.4775,discrete_only,discrete_only,2,true,,1452.559790205681,3.984008188625766,1.5909,50.0,3.1953,546767,1452.56,"[3.3888, 3.984]","[3.3888, 3.984]",3.984008188625766
s017,40,3.5820,discrete_only,discrete_only,2,false,unc_violated,1452.559790205681,3.984008188625766,,76.4,4.8795,1000000,1452.56,"[3.3888, 3.984]","[3.3888, 3.984]",3.984008188625766
s017,30,2.6865,discrete_only,discrete_only,2,false,not_run_after_fail,,,,0.0,,,,,,
s018,100,11.0562,discrete_only,discrete_only,2,true,,1004.2015064666963,7.220128637678232,1.1144,16.6,1.0595,679,1004.202,"[1.1213, 7.2201]","[1.1213, 7.2201]",7.220128637678232
s018,90,9.9506,discrete_only,discrete_only,2,true,,1004.2015064666963,7.220128637678232,1.1144,16.7,1.0611,679,1004.202,"[1.1213, 7.2201]","[1.1213, 7.2201]",7.220128637678232
s018,80,8.8450,discrete_only,discrete_only,2,true,,1004.2015064666963,7.220128637678232,1.1144,16.8,1.0683,679,1004.202,"[1.1213, 7.2201]","[1.1213, 7.2201]",7.220128637678232
s018,70,7.7393,discrete_only,discrete_only,2,true,,1004.2015064666963,7.220128637678232,1.1144,16.6,1.0580,679,1004.202,"[1.1213, 7.2201]","[1.1213, 7.2201]",7.220128637678232
s018,60,6.6337,discrete_only,discrete_only,2,true,,987.6111577735495,4.12875090519145,1.0960,16.6,1.0543,1406,987.611,"[1.3578, 4.1288]","[1.3578, 4.1288]",4.12875090519145
s018,50,5.5281,discrete_only,discrete_only,2,true,,987.6111577735495,4.12875090519145,1.0960,16.7,1.0615,1406,987.611,"[1.3578, 4.1288]","[1.3578, 4.1288]",4.12875090519145
s018,40,4.4225,discrete_only,discrete_only,2,true,,987.6111577735495,4.12875090519145,1.0960,16.6,1.0562,1406,987.611,"[1.3578, 4.1288]","[1.3578, 4.1288]",4.12875090519145
s018,30,3.3169,discrete_only,discrete_only,2,true,,1135.862369249726,1.523405837663725,1.2605,17.6,1.1186,19954,1135.862,"[1.0765, 1.5234]","[1.0765, 1.5234]",1.523405837663725
s019,100,8.7056,discrete_only,discrete_only,2,true,,900.0,8.705595330244181,1.0000,16.6,1.0884,120,900.0,"[5.1571, 8.7056]","[5.1571, 8.7056]",8.705595330244181
s019,90,7.8350,discrete_only,discrete_only,2,true,,971.3793603455023,7.518817698225107,1.0793,16.8,1.1052,1421,971.379,"[7.8919, 7.5188]","[7.8919, 7.5188]",7.518817698225107
s019,80,6.9645,discrete_only,discrete_only,2,true,,984.228841685845,6.741595118918734,1.0936,16.7,1.0957,1844,984.229,"[7.1289, 6.7416]","[7.1289, 6.7416]",6.741595118918734
s019,70,6.0939,discrete_only,discrete_only,2,true,,1136.1722773458057,5.137367331624488,1.2624,17.5,1.1486,15065,1136.172,"[3.7588, 5.1374]","[3.7588, 5.1374]",5.137367331624488
s019,60,5.2234,discrete_only,discrete_only,2,true,,1136.1722773458057,5.137367331624488,1.2624,17.4,1.1458,15065,1136.172,"[3.7588, 5.1374]","[3.7588, 5.1374]",5.137367331624488
s019,50,4.3528,discrete_only,discrete_only,2,true,,1136.1722773458057,4.070702205932225,1.2624,17.5,1.1477,15066,1136.172,"[3.9369, 4.0707]","[3.9369, 4.0707]",4.070702205932225
s019,40,3.4822,discrete_only,discrete_only,2,false,unc_violated,1254.1471844522462,4.016447659527754,,79.2,5.1995,1000000,1254.147,"[3.952, 4.0164]","[3.952, 4.0164]",4.016447659527754
s019,30,2.6117,discrete_only,discrete_only,2,false,not_run_after_fail,,,,0.0,,,,,,
s020,100,8.3385,discrete_only,discrete_only,2,true,,978.4539703119947,4.484371132158152,1.5905,17.2,1.1190,5850,978.454,"[4.2912, 4.4844]","[4.2912, 4.4844]",4.484371132158152
s020,90,7.5046,discrete_only,discrete_only,2,true,,978.4539703119947,4.484371132158152,1.5905,17.2,1.1185,5850,978.454,"[4.2912, 4.4844]","[4.2912, 4.4844]",4.484371132158152
s020,80,6.6708,discrete_only,discrete_only,2,true,,978.4539703119947,4.484371132158152,1.5905,17.2,1.1192,5850,978.454,"[4.2912, 4.4844]","[4.2912, 4.4844]",4.484371132158152
s020,70,5.8369,discrete_only,discrete_only,2,true,,978.4539703119947,4.484371132158152,1.5905,17.0,1.1065,5850,978.454,"[4.2912, 4.4844]","[4.2912, 4.4844]",4.484371132158152
s020,60,5.0031,discrete_only,discrete_only,2,true,,978.4539703119947,4.484371132158152,1.5905,17.0,1.1072,5850,978.454,"[4.2912, 4.4844]","[4.2912, 4.4844]",4.484371132158152
s020,50,4.1692,discrete_only,discrete_only,2,true,,1227.5330417187704,4.096487404093167,1.9954,20.0,1.3028,66923,1227.533,"[2.6007, 4.0965]","[2.6007, 4.0965]",4.096487404093167
s020,40,3.3354,discrete_only,discrete_only,2,false,unc_violated,1371.896355473149,3.496610005015228,,86.2,5.6197,1000000,1371.896,"[2.4721, 3.4966]","[2.4721, 3.4966]",3.496610005015228
s020,30,2.5015,discrete_only,discrete_only,2,false,not_run_after_fail,,,,0.0,,,,,,
s021,100,10.7309,discrete_only,discrete_only,2,true,,834.185946939592,6.763988753096247,1.1122,16.5,1.0645,247,834.186,"[3.456, 6.764]","[3.456, 6.764]",6.763988753096247
s021,90,9.6578,discrete_only,discrete_only,2,true,,834.185946939592,6.763988753096247,1.1122,16.5,1.0621,247,834.186,"[3.456, 6.764]","[3.456, 6.764]",6.763988753096247
s021,80,8.5847,discrete_only,discrete_only,2,true,,834.185946939592,6.763988753096247,1.1122,16.5,1.0620,247,834.186,"[3.456, 6.764]","[3.456, 6.764]",6.763988753096247
s021,70,7.5116,discrete_only,discrete_only,2,true,,834.185946939592,6.763988753096247,1.1122,16.4,1.0581,247,834.186,"[3.456, 6.764]","[3.456, 6.764]",6.763988753096247
s021,60,6.4385,discrete_only,discrete_only,2,true,,834.185946939592,4.371695230691095,1.1122,16.3,1.0508,253,834.186,"[3.2856, 4.3717]","[3.2856, 4.3717]",4.371695230691095
s021,50,5.3655,discrete_only,discrete_only,2,true,,834.185946939592,4.371695230691095,1.1122,16.3,1.0506,253,834.186,"[3.2856, 4.3717]","[3.2856, 4.3717]",4.371695230691095
s021,40,4.2924,discrete_only,discrete_only,2,true,,984.6512723032704,3.855925682624488,1.3128,17.0,1.0921,7238,984.651,"[3.4548, 3.8559]","[3.4548, 3.8559]",3.855925682624488
s021,30,3.2193,discrete_only,discrete_only,2,false,unc_violated,1248.7821285684713,3.6782650303634314,,82.8,5.3317,1000000,1248.782,"[3.6042, 3.6783]","[3.6042, 3.6783]",3.6782650303634314
s022,100,10.7415,discrete_only,discrete_only,2,true,,835.9515349558134,3.6644886770206044,1.1136,16.6,1.0625,599,835.952,"[3.6637, 3.6645]","[3.6637, 3.6645]",3.6644886770206044
s022,90,9.6674,discrete_only,discrete_only,2,true,,835.9515349558134,3.6644886770206044,1.1136,16.5,1.0582,599,835.952,"[3.6637, 3.6645]","[3.6637, 3.6645]",3.6644886770206044
s022,80,8.5932,discrete_only,discrete_only,2,true,,835.9515349558134,3.6644886770206044,1.1136,16.6,1.0627,599,835.952,"[3.6637, 3.6645]","[3.6637, 3.6645]",3.6644886770206044
s022,70,7.5191,discrete_only,discrete_only,2,true,,835.9515349558134,3.6644886770206044,1.1136,16.6,1.0655,599,835.952,"[3.6637, 3.6645]","[3.6637, 3.6645]",3.6644886770206044
s022,60,6.4449,discrete_only,discrete_only,2,true,,835.9515349558134,3.6644886770206044,1.1136,16.4,1.0497,599,835.952,"[3.6637, 3.6645]","[3.6637, 3.6645]",3.6644886770206044
s022,50,5.3708,discrete_only,discrete_only,2,true,,835.9515349558134,3.6644886770206044,1.1136,16.5,1.0597,599,835.952,"[3.6637, 3.6645]","[3.6637, 3.6645]",3.6644886770206044
s022,40,4.2966,discrete_only,discrete_only,2,true,,835.9515349558134,3.6644886770206044,1.1136,16.4,1.0499,599,835.952,"[3.6637, 3.6645]","[3.6637, 3.6645]",3.6644886770206044
s022,30,3.2225,discrete_only,discrete_only,2,true,,835.9515349558134,2.4085209933946947,1.1136,16.5,1.0572,652,835.952,"[2.2613, 2.4085]","[2.2613, 2.4085]",2.4085209933946947
s023,100,5.0964,discrete_only,discrete_only,2,true,,834.3413642071903,1.1856869988493475,1.3123,16.6,1.0840,578,834.341,"[0.8375, 1.1857]","[0.8375, 1.1857]",1.1856869988493475
s023,90,4.5868,discrete_only,discrete_only,2,true,,834.3413642071903,1.1856869988493475,1.3123,16.4,1.0726,578,834.341,"[0.8375, 1.1857]","[0.8375, 1.1857]",1.1856869988493475
s023,80,4.0771,discrete_only,discrete_only,2,true,,834.3413642071903,1.1856869988493475,1.3123,16.4,1.0746,578,834.341,"[0.8375, 1.1857]","[0.8375, 1.1857]",1.1856869988493475
s023,70,3.5675,discrete_only,discrete_only,2,true,,834.3413642071903,1.1856869988493475,1.3123,16.4,1.0741,578,834.341,"[0.8375, 1.1857]","[0.8375, 1.1857]",1.1856869988493475
s023,60,3.0578,discrete_only,discrete_only,2,true,,834.3413642071903,1.1856869988493475,1.3123,16.3,1.0700,578,834.341,"[0.8375, 1.1857]","[0.8375, 1.1857]",1.1856869988493475
s023,50,2.5482,discrete_only,discrete_only,2,true,,834.3413642071903,1.1856869988493475,1.3123,16.4,1.0746,578,834.341,"[0.8375, 1.1857]","[0.8375, 1.1857]",1.1856869988493475
s023,40,2.0386,discrete_only,discrete_only,2,true,,834.3413642071903,1.1856869988493475,1.3123,16.3,1.0697,578,834.341,"[0.8375, 1.1857]","[0.8375, 1.1857]",1.1856869988493475
s023,30,1.5289,discrete_only,discrete_only,2,true,,834.3413642071903,1.1856869988493475,1.3123,16.4,1.0708,578,834.341,"[0.8375, 1.1857]","[0.8375, 1.1857]",1.1856869988493475
s024,100,10.8850,discrete_only,discrete_only,2,true,,1004.2015064666963,4.407388948261142,1.0926,16.6,1.0641,46,1004.202,"[4.3173, 4.4074]","[4.3173, 4.4074]",4.407388948261142
s024,90,9.7965,discrete_only,discrete_only,2,true,,1004.2015064666963,4.407388948261142,1.0926,16.5,1.0555,46,1004.202,"[4.3173, 4.4074]","[4.3173, 4.4074]",4.407388948261142
s024,80,8.7080,discrete_only,discrete_only,2,true,,1004.2015064666963,4.407388948261142,1.0926,16.5,1.0551,46,1004.202,"[4.3173, 4.4074]","[4.3173, 4.4074]",4.407388948261142
s024,70,7.6195,discrete_only,discrete_only,2,true,,1004.2015064666963,4.407388948261142,1.0926,16.5,1.0556,46,1004.202,"[4.3173, 4.4074]","[4.3173, 4.4074]",4.407388948261142
s024,60,6.5310,discrete_only,discrete_only,2,true,,1004.2015064666963,4.407388948261142,1.0926,16.5,1.0557,46,1004.202,"[4.3173, 4.4074]","[4.3173, 4.4074]",4.407388948261142
s024,50,5.4425,discrete_only,discrete_only,2,true,,1004.2015064666963,4.407388948261142,1.0926,16.5,1.0550,46,1004.202,"[4.3173, 4.4074]","[4.3173, 4.4074]",4.407388948261142
s024,40,4.3540,discrete_only,discrete_only,2,false,unc_violated,1004.2015064666963,4.3951200899604705,,90.1,5.7701,1000000,1004.202,"[4.5148, 4.3951]","[4.5148, 4.3951]",4.3951200899604705
s024,30,3.2655,discrete_only,discrete_only,2,false,not_run_after_fail,,,,0.0,,,,,,
s025,100,5.2959,discrete_only,discrete_only,2,true,,854.7355331663507,1.4911862776269589,1.1240,16.5,1.0803,182,854.736,"[1.0537, 1.4912]","[1.0537, 1.4912]",1.4911862776269589
s025,90,4.7663,discrete_only,discrete_only,2,true,,854.7355331663507,1.4911862776269589,1.1240,16.4,1.0722,182,854.736,"[1.0537, 1.4912]","[1.0537, 1.4912]",1.4911862776269589
s025,80,4.2367,discrete_only,discrete_only,2,true,,854.7355331663507,1.4911862776269589,1.1240,16.3,1.0699,182,854.736,"[1.0537, 1.4912]","[1.0537, 1.4912]",1.4911862776269589
s025,70,3.7071,discrete_only,discrete_only,2,true,,854.7355331663507,1.4911862776269589,1.1240,16.3,1.0683,182,854.736,"[1.0537, 1.4912]","[1.0537, 1.4912]",1.4911862776269589
s025,60,3.1775,discrete_only,discrete_only,2,true,,854.7355331663507,1.4911862776269589,1.1240,16.3,1.0682,182,854.736,"[1.0537, 1.4912]","[1.0537, 1.4912]",1.4911862776269589
s025,50,2.6480,discrete_only,discrete_only,2,true,,854.7355331663507,1.4911862776269589,1.1240,16.3,1.0681,182,854.736,"[1.0537, 1.4912]","[1.0537, 1.4912]",1.4911862776269589
s025,40,2.1184,discrete_only,discrete_only,2,true,,854.7355331663507,1.4911862776269589,1.1240,16.3,1.0681,182,854.736,"[1.0537, 1.4912]","[1.0537, 1.4912]",1.4911862776269589
s025,30,1.5888,discrete_only,discrete_only,2,true,,854.7355331663507,1.4911862776269589,1.1240,16.4,1.0706,182,854.736,"[1.0537, 1.4912]","[1.0537, 1.4912]",1.4911862776269589
s026,100,8.2981,discrete_only,discrete_only,2,true,,1096.251282159942,7.638488244918162,1.6492,17.6,1.1279,12248,1096.251,"[7.6384, 7.6385]","[7.6384, 7.6385]",7.638488244918162
s026,90,7.4683,discrete_only,discrete_only,2,true,,1080.87992351971,7.041599720551801,1.6261,17.7,1.1304,12273,1080.88,"[7.4239, 7.0416]","[7.4239, 7.0416]",7.041599720551801
s026,80,6.6385,discrete_only,discrete_only,2,true,,1332.808206024703,6.394584744288928,2.0051,24.5,1.5683,138024,1332.808,"[6.0047, 6.3946]","[6.0047, 6.3946]",6.394584744288928
s026,70,5.8087,discrete_only,discrete_only,2,true,,1503.333099652604,5.5277008763209565,2.2616,37.4,2.3900,319799,1503.333,"[6.0025, 5.5277]","[6.0025, 5.5277]",5.5277008763209565
s026,60,4.9788,discrete_only,discrete_only,2,false,unc_violated,1632.7619350648679,5.093653108022068,,92.4,5.9116,1000000,1632.762,"[5.042, 5.0937]","[5.042, 5.0937]",5.093653108022068
s026,50,4.1490,discrete_only,discrete_only,2,false,not_run_after_fail,,,,0.0,,,,,,
s026,40,3.3192,discrete_only,discrete_only,2,false,not_run_after_fail,,,,0.0,,,,,,
s026,30,2.4894,discrete_only,discrete_only,2,false,not_run_after_fail,,,,0.0,,,,,,
s027,100,7.4029,discrete_only,discrete_only,2,true,,685.86945953166,3.6967519130628133,1.1360,16.4,1.0746,71,685.869,"[3.5238, 3.6968]","[3.5238, 3.6968]",3.6967519130628133
s027,90,6.6626,discrete_only,discrete_only,2,true,,685.86945953166,3.6967519130628133,1.1360,16.5,1.0836,71,685.869,"[3.5238, 3.6968]","[3.5238, 3.6968]",3.6967519130628133
s027,80,5.9223,discrete_only,discrete_only,2,true,,685.86945953166,3.6967519130628133,1.1360,16.2,1.0657,71,685.869,"[3.5238, 3.6968]","[3.5238, 3.6968]",3.6967519130628133
s027,70,5.1821,discrete_only,discrete_only,2,true,,685.86945953166,3.6967519130628133,1.1360,16.2,1.0652,71,685.869,"[3.5238, 3.6968]","[3.5238, 3.6968]",3.6967519130628133
s027,60,4.4418,discrete_only,discrete_only,2,true,,685.86945953166,3.6967519130628133,1.1360,16.3,1.0663,71,685.869,"[3.5238, 3.6968]","[3.5238, 3.6968]",3.6967519130628133
s027,50,3.7015,discrete_only,discrete_only,2,true,,685.86945953166,3.6967519130628133,1.1360,16.2,1.0643,71,685.869,"[3.5238, 3.6968]","[3.5238, 3.6968]",3.6967519130628133
s027,40,2.9612,discrete_only,discrete_only,2,true,,1115.9793639671075,1.1939328400040483,1.8483,16.8,1.1017,5673,1115.979,"[0.8432, 1.1939]","[0.8432, 1.1939]",1.1939328400040483
s027,30,2.2209,discrete_only,discrete_only,2,true,,1115.9793639671075,1.1939328400040483,1.8483,16.8,1.1031,5673,1115.979,"[0.8432, 1.1939]","[0.8432, 1.1939]",1.1939328400040483
s028,100,5.3112,discrete_only,discrete_only,2,true,,1004.7355331663507,4.0685789306888935,1.2902,16.9,1.0861,2732,1004.736,"[1.0273, 4.0686]","[1.0273, 4.0686]",4.0685789306888935
s028,90,4.7800,discrete_only,discrete_only,2,true,,1004.7355331663507,4.0685789306888935,1.2902,16.7,1.0698,2732,1004.736,"[1.0273, 4.0686]","[1.0273, 4.0686]",4.0685789306888935
s028,80,4.2489,discrete_only,discrete_only,2,true,,1004.7355331663507,4.0685789306888935,1.2902,16.6,1.0656,2732,1004.736,"[1.0273, 4.0686]","[1.0273, 4.0686]",4.0685789306888935
s028,70,3.7178,discrete_only,discrete_only,2,true,,1004.7355331663507,3.644271314728335,1.2902,16.7,1.0705,2755,1004.736,"[3.4748, 3.6443]","[3.4748, 3.6443]",3.644271314728335
s028,60,3.1867,discrete_only,discrete_only,2,true,,1123.5072520935273,1.549720539532406,1.4427,17.6,1.1303,18187,1123.507,"[1.095, 1.5497]","[1.095, 1.5497]",1.549720539532406
s028,50,2.6556,discrete_only,discrete_only,2,true,,1123.5072520935273,1.549720539532406,1.4427,17.5,1.1271,18187,1123.507,"[1.095, 1.5497]","[1.095, 1.5497]",1.549720539532406
s028,40,2.1245,discrete_only,discrete_only,2,true,,1123.5072520935273,1.549720539532406,1.4427,17.6,1.1283,18187,1123.507,"[1.095, 1.5497]","[1.095, 1.5497]",1.549720539532406
s028,30,1.5933,discrete_only,discrete_only,2,true,,1123.5072520935273,1.549720539532406,1.4427,17.6,1.1324,18187,1123.507,"[1.095, 1.5497]","[1.095, 1.5497]",1.549720539532406
s029,100,5.0016,discrete_only,discrete_only,2,true,,1135.862369249726,3.5976858771895,1.1465,17.7,1.1297,9593,1135.862,"[3.3795, 3.5977]","[3.3795, 3.5977]",3.5976858771895
s029,90,4.5014,discrete_only,discrete_only,2,true,,1135.862369249726,3.5976858771895,1.1465,17.5,1.1210,9593,1135.862,"[3.3795, 3.5977]","[3.3795, 3.5977]",3.5976858771895
s029,80,4.0013,discrete_only,discrete_only,2,true,,1135.862369249726,3.5976858771895,1.1465,17.5,1.1226,9593,1135.862,"[3.3795, 3.5977]","[3.3795, 3.5977]",3.5976858771895
s029,70,3.5011,discrete_only,discrete_only,2,true,,1119.361186262667,3.399879683780698,1.1298,17.5,1.1197,9889,1119.361,"[3.1923, 3.3999]","[3.1923, 3.3999]",3.399879683780698
s029,60,3.0010,discrete_only,discrete_only,2,true,,1135.862369249726,1.188481939014262,1.1465,17.7,1.1326,10609,1135.862,"[0.8395, 1.1885]","[0.8395, 1.1885]",1.188481939014262
s029,50,2.5008,discrete_only,discrete_only,2,true,,1135.862369249726,1.188481939014262,1.1465,17.5,1.1228,10609,1135.862,"[0.8395, 1.1885]","[0.8395, 1.1885]",1.188481939014262
s029,40,2.0006,discrete_only,discrete_only,2,true,,1135.862369249726,1.188481939014262,1.1465,17.6,1.1259,10609,1135.862,"[0.8395, 1.1885]","[0.8395, 1.1885]",1.188481939014262
s029,30,1.5005,discrete_only,discrete_only,2,true,,1135.862369249726,1.188481939014262,1.1465,17.5,1.1210,10609,1135.862,"[0.8395, 1.1885]","[0.8395, 1.1885]",1.188481939014262
s030,100,8.7501,discrete_only,discrete_only,2,true,,1004.7355331663507,6.1628482606810975,1.2292,16.8,1.0979,3195,1004.736,"[5.0998, 6.1628]","[5.0998, 6.1628]",6.1628482606810975
s030,90,7.8751,discrete_only,discrete_only,2,true,,1004.7355331663507,6.1628482606810975,1.2292,16.7,1.0865,3195,1004.736,"[5.0998, 6.1628]","[5.0998, 6.1628]",6.1628482606810975
s030,80,7.0001,discrete_only,discrete_only,2,true,,1004.7355331663507,6.1628482606810975,1.2292,16.6,1.0857,3195,1004.736,"[5.0998, 6.1628]","[5.0998, 6.1628]",6.1628482606810975
s030,70,6.1250,discrete_only,discrete_only,2,true,,1004.7355331663507,5.625640656011202,1.2292,16.9,1.1039,3482,1004.736,"[6.1952, 5.6256]","[6.1952, 5.6256]",5.625640656011202
s030,60,5.2500,discrete_only,discrete_only,2,true,,950.4959154525012,3.9361937652785093,1.1628,16.9,1.1024,4003,950.496,"[3.7425, 3.9362]","[3.7425, 3.9362]",3.9361937652785093
s030,50,4.3750,discrete_only,discrete_only,2,true,,950.4959154525012,3.9361937652785093,1.1628,16.9,1.1026,4003,950.496,"[3.7425, 3.9362]","[3.7425, 3.9362]",3.9361937652785093
s030,40,3.5000,discrete_only,discrete_only,2,false,unc_violated,1484.9360977727276,3.6634283035760644,,84.9,5.5373,1000000,1484.936,"[3.6255, 3.6634]","[3.6255, 3.6634]",3.6634283035760644
s030,30,2.6250,discrete_only,discrete_only,2,false,not_run_after_fail,,,,0.0,,,,,,
